RU000A0JQXR7,2020-06-26 00:00:00,100.99,3,1,-0.2788212947057182,SUR
RU000A0JQYU9,2020-07-21 00:00:00,99.97,3,1,0.0031483312534896207,SUR
RU000A0JR1Y7,2020-09-15 00:00:00,101.4,2,1,0.02633809754393911,SUR
RU000A0JR1Z4,2020-10-16 00:00:00,101,2,1,0.04501734661586359,SUR
RU000A0JR209,2020-09-15 00:00:00,101.4,2,1,0.02633809754393911,SUR
RU000A0JR217,2020-09-15 00:00:00,101,2,1,0.03724760913216602,SUR
RU000A0JR3G0,2020-10-13 00:00:00,101.36,1,1,0.05499250382107532,SUR
RU000A0JR3H8,2020-10-13 00:00:00,101,1,1,0.053066236063242,SUR
RU000A0JR3L0,2020-10-16 00:00:00,99.8,3,1,0.006972758411682096,SUR
RU000A0JR3M8,2020-10-16 00:00:00,116.95,3,1,-0.3709594736767138,SUR
RU000A0JR4J2,2020-11-03 00:00:00,103.8,1,1,-0.018391374713917795,SUR
RU000A0JR4U9,2028-10-30 00:00:00,100.98,2,9,0.002519600644744266,SUR
RU000A0JR878,2021-01-26 00:00:00,101.85,3,2,0.045634444066018874,SUR
RU000A0JR8L9,2021-02-09 00:00:00,103.02,3,2,0.03316004781425255,SUR
RU000A0JR8P0,2021-02-09 00:00:00,100.47,3,2,0.07358419581776916,SUR
RU000A0JRCX7,2021-03-18 00:00:00,102.35,1,2,0.05740957098211162,SUR
RU000A0JREW5,2021-04-02 00:00:00,103,3,2,0.034434311009894275,SUR
RU000A0JREX3,2021-04-02 00:00:00,101.35,3,2,0.055766475394564655,SUR
RU000A0JREZ8,2021-04-02 00:00:00,111.52,3,2,-0.06443331678879154,SUR
RU000A0JRF11,2021-04-05 00:00:00,94.1,2,2,0.078529140081937,SUR
RU000A0JRFN1,2021-04-12 00:00:00,104.19,3,2,0.04306698739293146,SUR
RU000A0JRFP6,2021-04-12 00:00:00,108.17,3,2,-0.0038085886974935667,SUR
RU000A0JRHF3,2021-05-18 00:00:00,101.6,2,2,0.0475867438520274,SUR
RU000A0JRHG1,2021-05-18 00:00:00,101,2,2,0.054412087096727124,SUR
RU000A0JRJB8,2031-05-13 00:00:00,103,1,2,0.006466382582128815,SUR
RU000A0JRJC6,2022-04-04 00:00:00,100,1,3,0.006244768863596841,SUR
RU000A0JRJL7,2031-05-13 00:00:00,100,1,2,0.009465736179158147,SUR
RU000A0JRJS2,2021-05-27 00:00:00,100,3,2,-0.37628871498301314,SUR
RU000A0JRJT0,2021-05-27 00:00:00,100.02,3,2,-0.376547335005522,SUR
RU000A0JRJV6,2021-06-01 00:00:00,88.92,3,2,0.19369617950610254,SUR
RU000A0JRJY0,2021-06-01 00:00:00,100.18,3,2,-0.3688271531135987,SUR
RU000A0JRK22,2021-06-04 00:00:00,89.28,3,2,0.18736446491446818,SUR
RU000A0JRKC4,2021-06-11 00:00:00,102.4,3,2,0.06052481372894538,SUR
RU000A0JRKD2,2021-06-11 00:00:00,100.04,3,2,0.055311996621836994,SUR
RU000A0JRKM3,2021-06-11 00:00:00,100.1,3,2,0.05466400959843996,SUR
RU000A0JRL96,2021-06-22 00:00:00,102.54,2,3,0.0597916668358448,SUR
RU000A0JRLE8,2021-06-29 00:00:00,102.4,2,3,0.058147067779273656,SUR
RU000A0JRMB2,2021-07-01 00:00:00,102.87,3,3,0.053541903575984554,SUR
RU000A0JRMC0,2021-07-02 00:00:00,104,3,3,0.04244420770067272,SUR
RU000A0JRTN2,2021-09-21 00:00:00,106.26,1,3,0.009451230952385632,SUR
RU000A0JRTS1,2021-11-24 00:00:00,100,3,3,0.0,SUR
RU000A0JRTT9,2023-08-11 00:00:00,101.1,3,7,0.0018557145646973488,SUR
RU000A0JRU20,2031-09-26 00:00:00,97,3,3,-0.10030949677148727,SUR
RU000A0JRU46,2031-09-26 00:00:00,97,3,3,-0.10030949677148727,SUR
RU000A0JRUY7,2021-10-19 00:00:00,102.4,3,3,0.054415496428845044,SUR
RU000A0JRV52,2021-10-20 00:00:00,100.11,3,3,0.07280288588617005,SUR
RU000A0JRVN8,2021-10-26 00:00:00,102.39,3,3,0.05222336285051252,SUR
RU000A0JRVU3,2022-04-05 00:00:00,107.08,3,4,0.058378336430398914,SUR
RU000A0JRZ74,2025-07-16 00:00:00,70.03,2,7,0.07261373938974909,SUR
RU000A0JS1F5,2021-12-09 00:00:00,104.04,3,3,0.026400381897198722,SUR
RU000A0JS1W0,2021-12-14 00:00:00,100,3,4,0.019774067587103886,SUR
RU000A0JS3L9,2022-01-31 00:00:00,107.2,3,4,0.060774366321504465,SUR
RU000A0JS3M7,2022-01-31 00:00:00,100.91,3,4,0.00322620867337911,SUR
RU000A0JS3U0,2022-02-04 00:00:00,116,3,4,-0.02473959622993011,SUR
RU000A0JS470,2022-02-14 00:00:00,100,3,4,0.0046750694408998076,SUR
RU000A0JS4J1,2032-02-06 00:00:00,107,1,4,0.008483485146479845,SUR
RU000A0JS4K9,2032-02-06 00:00:00,111,1,4,0.004812480525040853,SUR
RU000A0JS4L7,2032-02-06 00:00:00,107,1,4,0.008483485146479845,SUR
RU000A0JS4Z7,2032-02-17 00:00:00,105.6,1,4,0.008426686245763442,SUR
RU000A0JS5A7,2022-03-07 00:00:00,87.4,3,4,0.08126213160149874,SUR
RU000A0JS5B5,2022-03-07 00:00:00,85.41,3,4,0.09578806986395853,SUR
RU000A0JS5E9,2022-03-08 00:00:00,103.1,3,4,0.04362544025081468,SUR
RU000A0JS5F6,2022-03-08 00:00:00,100.78,2,4,0.05795911675724222,SUR
RU000A0JS5L4,2022-03-10 00:00:00,98,3,4,0.01181722968998344,SUR
RU000A0JS5M2,2022-03-14 00:00:00,100.49,3,4,0.059816909331167255,SUR
RU000A0JS5R1,2022-03-17 00:00:00,100.93,2,4,0.025227592109844956,SUR
RU000A0JS603,2022-08-11 00:00:00,99.5,2,5,0.02595360290093782,SUR
RU000A0JS6M0,2023-10-21 00:00:00,100,3,7,0.06859709342458567,SUR
RU000A0JS6N8,2022-04-04 00:00:00,101,3,4,0.05632129403151893,SUR
RU000A0JS710,2022-04-07 00:00:00,100,3,4,0.00110480507533747,SUR
RU000A0JS793,2022-04-13 00:00:00,85.01,3,4,0.09409952130407317,SUR
RU000A0JS8X3,2020-07-15 00:00:00,102.55,1,1,-0.1987144438615005,SUR
RU000A0JS8Y1,2020-09-23 00:00:00,100.53,1,1,0.053524500500379546,SUR
RU000A0JS8Z8,2020-09-23 00:00:00,66,1,1,3.7844297162252127,SUR
RU000A0JS900,2020-10-07 00:00:00,101.1,1,1,0.046298195628460166,SUR
RU000A0JS918,2021-05-24 00:00:00,100.15,1,2,0.08910560586026474,SUR
RU000A0JS934,2025-01-24 00:00:00,102.97,1,10,0.012669999221118068,SUR
RU000A0JS9X1,2022-06-15 00:00:00,97.37,3,5,0.013611702177551095,SUR
RU000A0JSGV0,2032-06-25 00:00:00,99.85,2,5,0.00044406432589127104,SUR
RU000A0JSQ58,2027-07-21 00:00:00,99.9,2,5,0.0011652285339841903,SUR
RU000A0JT2K2,2027-09-14 00:00:00,99.92,2,5,0.0019945854533891033,SUR
RU000A0JT403,2032-09-17 00:00:00,105.02,1,5,0.010760814841699886,SUR
RU000A0JT593,2024-02-29 00:00:00,100,1,5,0.005226515175059948,SUR
RU000A0JT6B2,2032-09-23 00:00:00,103.6,1,5,0.003597141634624657,SUR
RU000A0JT6J5,2022-10-06 00:00:00,105.55,2,5,0.05004898656610982,SUR
RU000A0JT7M7,2022-10-11 00:00:00,100.95,3,5,0.007565739749423872,SUR
RU000A0JT7T2,2027-10-06 00:00:00,106,2,5,0.015804838534124444,SUR
RU000A0JT874,2022-10-13 00:00:00,102.54,1,5,0.018607513110027812,SUR
RU000A0JT940,2022-10-17 00:00:00,104.97,1,5,0.05677082159880366,SUR
RU000A0JT965,2022-10-17 00:00:00,105.93,1,5,0.05238383357406011,SUR
RU000A0JTB96,2029-10-30 00:00:00,85,2,10,0.03293710804324355,SUR
RU000A0JTFB2,2028-11-22 00:00:00,97.34,2,9,0.010867897280967792,SUR
RU000A0JTKA4,2028-01-07 00:00:00,99.61,2,6,0.004462965933438079,SUR
RU000A0JTLJ3,2023-01-27 00:00:00,104.6,2,6,0.05813068207057058,SUR
RU000A0JTLL9,2023-01-27 00:00:00,104,2,6,0.060639435402298915,SUR
RU000A0JTM28,2023-01-31 00:00:00,104.96,1,6,0.05718650686016555,SUR
RU000A0JTM36,2023-01-31 00:00:00,101.25,1,6,0.010573839376693964,SUR
RU000A0JTM44,2023-01-31 00:00:00,105,1,6,0.05702130683874476,SUR
RU000A0JTM51,2023-01-31 00:00:00,100.45,1,6,0.01372198799296628,SUR
RU000A0JTMG7,2023-02-02 00:00:00,90.64,1,6,0.03907322117859286,SUR
RU000A0JTMK9,2023-02-02 00:00:00,88.19,1,6,0.04994498662110727,SUR
RU000A0JTS06,2023-03-10 00:00:00,104,1,6,0.057758008149802455,SUR
RU000A0JTS22,2023-03-10 00:00:00,104.91,1,6,0.05412939737061017,SUR
RU000A0JTTA5,2023-03-22 00:00:00,102.3,1,6,0.056652042831942785,SUR
RU000A0JTU85,2028-03-21 00:00:00,101.83,2,6,0.005464305818531912,SUR
RU000A0JTV50,2023-04-03 00:00:00,100.23,3,6,0.022790467330092677,SUR
RU000A0JTVJ2,2023-04-11 00:00:00,104.35,3,6,0.03860639509597512,SUR
RU000A0JTYL2,2023-05-30 00:00:00,106.5,1,6,0.04674263065548983,SUR
RU000A0JTYM0,2023-05-30 00:00:00,105.1,1,6,0.05182993301089317,SUR
RU000A0JTYN8,2023-05-30 00:00:00,106.19,1,6,0.0478609203125388,SUR
RU000A0JTYQ1,2023-05-30 00:00:00,99.45,3,6,0.002207871714321129,SUR
RU000A0JU0N7,2025-09-24 00:00:00,70.45,2,7,0.06867950859427144,SUR
RU000A0JU0S6,2020-07-09 00:00:00,100.22,2,1,0.05919125354386886,SUR
RU000A0JU0T4,2020-07-09 00:00:00,100.15,2,1,0.070064838084247,SUR
RU000A0JU0U2,2023-07-18 00:00:00,100,3,7,0.001908275697789353,SUR
RU000A0JU1Q8,2023-07-18 00:00:00,102.93,1,7,0.004828689382013985,SUR
RU000A0JU3B6,2020-08-26 00:00:00,100.7,1,1,0.04260114649772042,SUR
RU000A0JU6A1,2023-09-18 00:00:00,102.46,3,7,0.054859448148007445,SUR
RU000A0JU6M6,2023-09-21 00:00:00,99.91,3,7,0.05514349490921844,SUR
RU000A0JU716,2023-09-28 00:00:00,101.02,3,7,0.005305893994867861,SUR
RU000A0JU740,2020-10-01 00:00:00,100.8,3,1,0.047004218502303415,SUR
RU000A0JU7Y9,2023-10-22 00:00:00,103.8,3,7,0.022953008267315875,SUR
RU000A0JU872,2023-11-11 00:00:00,91,3,7,0.038787522969577076,SUR
RU000A0JU9K4,2024-05-07 00:00:00,98.9,3,2,0.08005214163994293,SUR
RU000A0JUA45,2023-11-06 00:00:00,103.4,3,7,0.02775262965994556,SUR
RU000A0JUAD7,2023-11-10 00:00:00,102.43,1,7,0.030417850367942707,SUR
RU000A0JUAG0,2025-11-11 00:00:00,99.99,3,7,0.02065017495612898,SUR
RU000A0JUAH8,2028-11-07 00:00:00,103.35,2,7,0.024846096471275232,SUR
RU000A0JUAT3,2023-11-16 00:00:00,105,3,7,0.05950731731093551,SUR
RU000A0JUBD5,2021-11-24 00:00:00,71.99,3,3,0.29787784374803644,SUR
RU000A0JUCR3,2023-12-11 00:00:00,101.7,2,8,0.07311162016173459,SUR
RU000A0JUCS1,2023-12-11 00:00:00,105.47,2,8,0.06046606662287107,SUR
RU000A0JUDX9,2024-01-04 00:00:00,59.97,3,1,0.04041544416843197,SUR
RU000A0JUFQ8,2021-03-26 00:00:00,94,2,2,0.08419083931121375,SUR
RU000A0JUFU0,2024-02-06 00:00:00,103.5,1,8,0.03156744587522012,SUR
RU000A0JUFV8,2024-02-06 00:00:00,105.4,1,8,0.025891735452628534,SUR
RU000A0JUG56,2024-04-16 00:00:00,99.98,3,8,5.992990072375301e-05,SUR
RU000A0JUG72,2025-04-16 00:00:00,100,3,10,0.00010127685246062398,SUR
RU000A0JUG98,2025-11-06 00:00:00,101.14,3,11,0.004134178250233004,SUR
RU000A0JUHV4,2023-03-08 00:00:00,70,3,6,0.29726131442241277,SUR
RU000A0JUJW8,2027-03-23 00:00:00,36.45,3,1,0.18342324369897114,SUR
RU000A0JUMH3,2024-05-23 00:00:00,100.45,3,8,0.004344255504521832,SUR
RU000A0JUML5,2024-05-13 00:00:00,102.19,3,8,0.0004387875734095602,SUR
RU000A0JUPW5,2024-06-13 00:00:00,99.9,3,9,0.0002528324461914215,SUR
RU000A0JUQ39,2024-06-27 00:00:00,100.17,3,9,8.920292346972421e-05,SUR
RU000A0JUQ96,2024-06-17 00:00:00,100,2,9,0.00048197621035434647,SUR
RU000A0JUQC5,2024-06-17 00:00:00,81.93,3,9,0.051443329371496614,SUR
RU000A0JUQW3,2022-07-06 00:00:00,91.7,3,5,0.06090724838526968,SUR
RU000A0JUR04,2024-07-05 00:00:00,99.98,2,9,0.0017437039353960313,SUR
RU000A0JURP5,2022-07-29 00:00:00,94.3,3,3,0.10099478003129224,SUR
RU000A0JURQ3,2022-07-29 00:00:00,93.1,3,3,0.10791016402707188,SUR
RU000A0JURT7,2022-07-29 00:00:00,94.2,3,3,0.10156599881263319,SUR
RU000A0JUT85,2034-08-04 00:00:00,20.4,3,1,0.11980792374033336,SUR
RU000A0JUTC9,2030-02-14 00:00:00,89,3,11,0.13353769481558608,SUR
RU000A0JUU25,2024-09-03 00:00:00,100.26,3,7,0.04102110640809578,SUR
RU000A0JUU90,2029-08-30 00:00:00,100.27,3,9,0.0015938333753175856,SUR
RU000A0JUUA1,2029-08-30 00:00:00,102.65,3,9,0.008460325711391223,SUR
RU000A0JUUU9,2024-09-12 00:00:00,101.3,3,9,0.001978622332493535,SUR
RU000A0JUV08,2024-09-26 00:00:00,100.1,3,9,0.00434293697547017,SUR
RU000A0JUV81,2024-10-01 00:00:00,103.56,3,9,0.021408817621643497,SUR
RU000A0JUVG6,2021-03-28 00:00:00,99.22,3,2,0.061128970589678575,SUR
RU000A0JUWA7,2024-09-30 00:00:00,100,1,9,0.0070708006835949275,SUR
RU000A0JUWW1,2024-10-03 00:00:00,100,1,9,0.007435959493821757,SUR
RU000A0JUYJ4,2021-10-29 00:00:00,100,3,3,0.07112999838015481,SUR
RU000A0JUZZ7,2024-11-11 00:00:00,128.66,2,9,-0.027989673898828085,SUR
RU000A0JV0T3,2025-06-01 00:00:00,98.5,3,6,0.012531240781353226,SUR
RU000A0JV0U1,2029-11-13 00:00:00,101.97,3,9,0.0053816161084083766,SUR
RU000A0JV1D5,2020-12-02 00:00:00,97.38,2,1,0.058772623342062076,SUR
RU000A0JV1W5,2024-11-28 00:00:00,110.8,2,9,0.0667295196908764,SUR
RU000A0JV1X3,2024-11-28 00:00:00,114.2,2,9,0.05825646162519451,SUR
RU000A0JV1Y1,2024-11-28 00:00:00,109.93,2,9,0.06895487973978257,SUR
RU000A0JV201,2024-11-28 00:00:00,100.4,2,9,0.09502749621072148,SUR
RU000A0JV219,2024-11-28 00:00:00,113.69,2,9,0.059505316919954254,SUR
RU000A0JV227,2024-11-28 00:00:00,100.4,2,9,0.09502749621072148,SUR
RU000A0JV235,2024-11-28 00:00:00,100.4,2,9,0.09502749621072148,SUR
RU000A0JV243,2024-11-28 00:00:00,100.4,2,9,0.09502749621072148,SUR
RU000A0JV250,2024-11-28 00:00:00,100.4,2,9,0.09502749621072148,SUR
RU000A0JV268,2024-11-28 00:00:00,100.4,2,9,0.09502749621072148,SUR
RU000A0JV334,2021-12-14 00:00:00,46.09,3,4,0.7615743535045361,SUR
RU000A0JV3L4,2023-05-04 00:00:00,101,3,6,-0.002410976668166666,SUR
RU000A0JV3T7,2030-12-06 00:00:00,65,3,12,0.18511784927687114,SUR
RU000A0JV3U5,2030-12-06 00:00:00,85,3,12,0.13965745225227838,SUR
RU000A0JV4R9,2034-02-01 00:00:00,100,1,10,0.0005829096703068373,SUR
RU000A0JV4S7,2024-12-31 00:00:00,100,2,10,0.0013276735902818762,SUR
RU000A0JV573,2022-01-13 00:00:00,91.59,1,4,0.057254516142471235,SUR
RU000A0JV5R6,2021-01-18 00:00:00,95.94,2,2,0.07231125035127453,SUR
RU000A0JV5U0,2021-01-18 00:00:00,96.5,2,2,0.06186513940422542,SUR
RU000A0JV8D0,2025-01-31 00:00:00,99.9,3,10,0.008417465050769348,SUR
RU000A0JV8G3,2025-02-04 00:00:00,95.17,3,10,0.01949547393142272,SUR
RU000A0JV9D8,2025-02-18 00:00:00,106.14,3,10,0.06470393634766734,SUR
RU000A0JV9H9,2025-02-20 00:00:00,112.5,3,10,0.04950739079009169,SUR
RU000A0JV9Q0,2025-02-26 00:00:00,100.4,2,10,0.0036671013158268368,SUR
RU000A0JVA77,2025-03-07 00:00:00,100,3,10,0.010813004670432258,SUR
RU000A0JVBN2,2021-03-26 00:00:00,100,2,2,0.001285806488428522,SUR
RU000A0JVBS1,2021-05-26 00:00:00,94,2,2,0.06775538936575493,SUR
RU000A0JVBX1,2025-03-27 00:00:00,100.17,3,10,0.004011505099088116,SUR
RU000A0JVC59,2023-04-16 00:00:00,100.6,1,6,0.06255024604652641,SUR
RU000A0JVD25,2025-04-15 00:00:00,104.26,1,10,0.03625745707615231,SUR
RU000A0JVE65,2030-06-12 00:00:00,52,3,11,0.06798933576182854,SUR
RU000A0JVFC6,2025-05-16 00:00:00,106.27,1,10,0.05913987096897761,SUR
RU000A0JVFS2,2021-06-02 00:00:00,96.78,3,2,0.0346292728502774,SUR
RU000A0JVFX2,2021-06-02 00:00:00,96.45,3,2,0.03830028251307943,SUR
RU000A0JVGJ9,2021-06-02 00:00:00,94.82,3,2,0.0568146765802174,SUR
RU000A0JVGK7,2021-06-02 00:00:00,98,3,2,0.021276244335885146,SUR
RU000A0JVHH1,2025-06-04 00:00:00,102.92,2,10,0.021752665856809038,SUR
RU000A0JVK00,2020-06-18 00:00:00,100.32,1,1,-0.22481320724020962,SUR
RU000A0JVKC6,2020-06-23 00:00:00,100.5,3,1,-0.08593255778870602,SUR
RU000A0JVKF9,2021-06-23 00:00:00,105.08,1,3,0.052169634549455696,SUR
RU000A0JVL33,2020-06-30 00:00:00,100.44,1,1,0.01905885964361588,SUR
RU000A0JVLA8,2030-06-19 00:00:00,106,1,2,-0.005610826790440707,SUR
RU000A0JVLH3,2021-07-01 00:00:00,110,3,1,-0.08210258820072852,SUR
RU000A0JVM32,2035-06-21 00:00:00,18,3,1,0.12114340925632573,SUR
RU000A0JVM81,2025-07-03 00:00:00,125.22,1,1,-0.06716955041502684,SUR
RU000A0JVM99,2025-07-03 00:00:00,107.02,1,11,0.011732273140550831,SUR
RU000A0JVMB4,2025-07-03 00:00:00,107.02,1,11,0.011732273140550831,SUR
RU000A0JVMD0,2025-07-03 00:00:00,107.01,1,11,0.011753074470993339,SUR
RU000A0JVN56,2025-07-11 00:00:00,100,3,1,0.0013193904930304163,SUR
RU000A0JVN64,2025-07-14 00:00:00,100,3,1,0.0014401922716454655,SUR
RU000A0JVN98,2025-07-15 00:00:00,100.25,3,1,0.0009858855480664747,SUR
RU000A0JVNB2,2025-07-28 00:00:00,90.04,2,11,0.020959329866937274,SUR
RU000A0JVNL1,2025-07-17 00:00:00,99.85,3,11,3.218864989093475,USD
RU000A0JVP05,2025-07-24 00:00:00,101.15,1,11,0.006672809731160904,SUR
RU000A0JVPR3,2020-08-23 00:00:00,101.31,1,1,0.05222020721848225,SUR
RU000A0JVPS1,2025-08-11 00:00:00,100,2,11,0.0032052969244523114,SUR
RU000A0JVQA7,2020-08-20 00:00:00,100.85,1,1,0.04517378152453129,SUR
RU000A0JVQT7,2021-08-23 00:00:00,100.91,3,1,0.0062358893924791175,SUR
RU000A0JVRL2,2035-08-15 00:00:00,22.69,3,1,0.1046478076248518,SUR
RU000A0JVRM0,2021-09-02 00:00:00,103,3,1,-0.01010843759824175,SUR
RU000A0JVRN8,2025-08-28 00:00:00,103.95,1,11,0.008880122760089329,SUR
RU000A0JVS36,2025-09-03 00:00:00,100,2,11,0.00445194614666189,SUR
RU000A0JVS93,2020-09-15 00:00:00,100,3,1,0.10119023522672307,SUR
RU000A0JVSY3,2020-09-17 00:00:00,102.33,3,2,0.047208590803396684,SUR
RU000A0JVT43,2025-09-15 00:00:00,100.65,3,11,0.002870480882676645,SUR
RU000A0JVTM6,2047-12-24 00:00:00,101.35,3,3,-0.0003940994940564534,SUR
RU000A0JVU65,2020-10-30 00:00:00,101.6,1,2,0.046325158870586,SUR
RU000A0JVU81,2046-03-15 00:00:00,100.25,3,3,0.0007889224421386053,SUR
RU000A0JVUB7,2020-10-02 00:00:00,94.09,3,1,0.3813043802377816,SUR
RU000A0JVUD3,2022-10-10 00:00:00,107.74,1,2,-0.03813452562635414,SUR
RU000A0JVUG6,2020-10-05 00:00:00,100,3,1,0.01502561017999614,SUR
RU000A0JVUH4,2020-10-11 00:00:00,102.31,3,2,0.05098529806824997,SUR
RU000A0JVUJ0,2020-10-06 00:00:00,104,1,1,-0.003942531886079937,SUR
RU000A0JVUK8,2025-09-30 00:00:00,105.06,3,11,0.024551163126256853,SUR
RU000A0JVUP7,2025-10-03 00:00:00,98.5,3,11,0.003464003460277659,SUR
RU000A0JVUS1,2025-10-03 00:00:00,105.15,3,11,-0.003956557634573853,SUR
RU000A0JVUX1,2022-10-11 00:00:00,104.69,1,5,-0.008205616678236317,SUR
RU000A0JVUY9,2025-10-20 00:00:00,90.01,2,11,0.030597122531311603,SUR
RU000A0JVV49,2020-10-14 00:00:00,102.87,3,2,0.05041858716976258,SUR
RU000A0JVVA7,2022-10-13 00:00:00,114.25,1,5,0.05942296301887096,SUR
RU000A0JVVL4,2035-09-28 00:00:00,16.01,3,1,0.1268215160276209,SUR
RU000A0JVVR1,2020-10-19 00:00:00,102.85,3,2,0.052404883251183566,SUR
RU000A0JVW71,2025-10-16 00:00:00,101.58,3,11,0.03005420744078412,SUR
RU000A0JVWA5,2025-10-30 00:00:00,95,3,11,0.01994346620243868,SUR
RU000A0JVWB3,2025-10-17 00:00:00,103,3,2,-0.0009447334209709415,SUR
RU000A0JVWD9,2025-10-17 00:00:00,112.4,1,2,-0.015092330288507736,SUR
RU000A0JVWE7,2020-10-23 00:00:00,100,3,2,0.015072753377453455,SUR
RU000A0JVWJ6,2025-10-20 00:00:00,101.69,1,2,0.0033264638910587164,SUR
RU000A0JVXS5,2025-10-30 00:00:00,107.97,3,11,0.019240465573075512,SUR
RU000A0JVXZ0,2025-10-31 00:00:00,104,3,11,0.06712302834833471,SUR
RU000A0JVYG8,2025-11-11 00:00:00,95,2,11,0.02946474534442021,SUR
RU000A0JVYN4,2020-11-17 00:00:00,100.9,3,1,0.04827835009878721,SUR
RU000A0JVYP9,2020-11-17 00:00:00,100.01,3,1,0.07026493019073138,SUR
RU000A0JVZA8,2025-11-14 00:00:00,100.65,3,11,0.004852469993228587,SUR
RU000A0JVZB6,2025-11-14 00:00:00,95,3,11,0.009517882563405099,SUR
RU000A0JVZC4,2020-11-23 00:00:00,101.19,2,1,0.049406394358673465,SUR
RU000A0JVZF7,2022-07-31 00:00:00,7.38,3,5,16.96333695473416,SUR
RU000A0JVZG5,2027-07-31 00:00:00,3.67,3,11,1.0729748320044417,SUR
RU000A0JVZJ9,2030-11-30 00:00:00,100,3,11,0.008135905658200032,SUR
RU000A0JW0S4,2025-12-09 00:00:00,105,2,12,0.002866616553975498,SUR
RU000A0JW118,2020-12-17 00:00:00,99.9,3,2,0.0033602318810124457,SUR
RU000A0JW167,2025-12-12 00:00:00,113.22,2,12,0.026741598224044816,SUR
RU000A0JW175,2025-12-12 00:00:00,113,2,12,0.08286084493596159,SUR
RU000A0JW1G7,2022-12-16 00:00:00,115.8,1,6,0.05959886816377305,SUR
RU000A0JW1K9,2023-06-19 00:00:00,106.45,1,3,-0.016268056198346544,SUR
RU000A0JW1P8,2025-12-16 00:00:00,101.21,1,3,0.005591268487654237,SUR
RU000A0JW1V6,2021-12-21 00:00:00,116,3,3,-0.05603768604480732,SUR
RU000A0JW1Z7,2021-12-22 00:00:00,110.7,3,3,-0.024830722479408977,SUR
RU000A0JW316,2047-10-15 00:00:00,103.15,1,3,-0.0008406855880796501,SUR
RU000A0JW3A6,2026-01-15 00:00:00,109.8,3,12,0.0982002157079425,SUR
RU000A0JW5C7,2026-02-06 00:00:00,121.42,3,12,0.07067471286733328,SUR
RU000A0JW5E3,2026-02-06 00:00:00,104.74,2,12,0.007079457901387781,SUR
RU000A0JW5H6,2026-02-12 00:00:00,119.07,2,12,0.07828612313546603,SUR
RU000A0JW5K0,2021-02-19 00:00:00,100,2,3,0.06434793844117098,SUR
RU000A0JW6P7,2025-02-17 00:00:00,100,1,5,0.11563145337082933,SUR
RU000A0JW9G0,2023-03-09 00:00:00,102,1,6,0.024519483410549183,SUR
RU000A0JWAT9,2043-12-15 00:00:00,101.5,3,4,0.001673757460261921,SUR
RU000A0JWB59,2025-09-12 00:00:00,120.36,3,11,0.10164006225054434,SUR
RU000A0JWBE9,2026-03-17 00:00:00,104.24,2,12,0.007387533683115847,SUR
RU000A0JWBF6,2026-03-17 00:00:00,104.2,2,12,0.007459843483526731,SUR
RU000A0JWBH2,2021-03-23 00:00:00,105.39,2,2,0.054061385422014586,SUR
RU000A0JWBK6,2026-03-17 00:00:00,104.65,3,12,0.006029890864116423,SUR
RU000A0JWBP5,2026-03-18 00:00:00,105,2,12,0.00821940802153586,SUR
RU000A0JWC66,2021-03-30 00:00:00,108.98,3,4,-0.033849762462149324,SUR
RU000A0JWC74,2021-03-30 00:00:00,101.15,1,4,0.057699664147994316,SUR
RU000A0JWC82,2026-03-25 00:00:00,102.51,2,12,0.012983382535384499,SUR
RU000A0JWCK4,2021-04-06 00:00:00,103.77,3,2,0.048800854576128996,SUR
RU000A0JWCM0,2026-04-01 00:00:00,101.15,3,12,0.0028862825555322153,SUR
RU000A0JWCW9,2026-04-02 00:00:00,100.5,3,12,0.006382744668428575,SUR
RU000A0JWDA3,2023-04-17 00:00:00,107.4,3,6,0.06010221346300683,SUR
RU000A0JWDN6,2026-04-07 00:00:00,94.19,3,12,0.010363547019139677,SUR
RU000A0JWEB9,2026-04-09 00:00:00,103.53,2,12,0.008547440381451997,SUR
RU000A0JWEU9,2021-04-19 00:00:00,103.16,3,2,0.06325111347386736,SUR
RU000A0JWF22,2021-04-23 00:00:00,102.5,3,2,0.06229352851456227,SUR
RU000A0JWF30,2045-11-17 00:00:00,103.05,3,4,-0.0004497311653356519,SUR
RU000A0JWF71,2021-10-22 00:00:00,99,3,3,0.15886480021329094,SUR
RU000A0JWG05,2023-04-27 00:00:00,105.95,1,6,0.04867482155086946,SUR
RU000A0JWGC2,2026-04-29 00:00:00,108.3,3,12,0.07731699600448633,SUR
RU000A0JWGD0,2026-04-29 00:00:00,112.06,3,12,0.06925552266683176,SUR
RU000A0JWGS8,2026-05-18 00:00:00,83,2,12,0.04323680560726267,SUR
RU000A0JWGT6,2021-05-18 00:00:00,103.75,1,4,0.052517932998684444,SUR
RU000A0JWGV2,2026-05-07 00:00:00,104.7,3,12,0.019844915718563914,SUR
RU000A0JWGW0,2031-03-17 00:00:00,100,3,11,0.013767702569320394,SUR
RU000A0JWHA4,2026-05-27 00:00:00,114.9,1,12,4.589817968216689,USD
RU000A0JWHN7,2023-05-19 00:00:00,108.7,1,4,-0.005324437620802947,SUR
RU000A0JWHT4,2026-05-27 00:00:00,97.53,3,12,0.0049939944595425705,SUR
RU000A0JWHU2,2041-04-26 00:00:00,127,3,12,0.016129165170067333,SUR
RU000A0JWHW8,2026-05-28 00:00:00,112,1,5,-0.004966327280222108,SUR
RU000A0JWJQ6,2023-09-01 00:00:00,66.74,3,1,0.13412683038247017,SUR
RU000A0JWK41,2046-05-03 00:00:00,104.18,3,12,0.01154910647888388,SUR
RU000A0JWK66,2021-06-03 00:00:00,99.95,2,4,0.0006000412087783565,SUR
RU000A0JWK74,2026-06-10 00:00:00,114.1,3,12,0.07910270759029459,SUR
RU000A0JWK90,2023-06-02 00:00:00,111.39,2,6,0.05750317184485428,SUR
RU000A0JWKA8,2026-05-29 00:00:00,106.2,3,4,0.005767312269138187,SUR
RU000A0JWKB6,2021-06-08 00:00:00,102.79,1,4,0.051932414733504635,SUR
RU000A0JWKL5,2021-04-24 00:00:00,107,3,5,0.059561571104550036,SUR
RU000A0JWLD0,2023-06-22 00:00:00,108.15,1,6,0.016309754215121052,SUR
RU000A0JWLG3,2021-06-17 00:00:00,102.19,1,5,0.07649998738011853,SUR
RU000A0JWLJ7,2021-06-18 00:00:00,104.48,3,3,0.09961298777678262,SUR
RU000A0JWLW0,2021-06-23 00:00:00,107.1,2,3,-0.06274358158811127,SUR
RU000A0JWM15,2036-06-04 00:00:00,16.37,3,1,0.12017353778827869,SUR
RU000A0JWM31,2021-06-24 00:00:00,101.4,1,3,0.0605822584790803,SUR
RU000A0JWM49,2021-06-24 00:00:00,102.84,3,3,0.0821362103300907,SUR
RU000A0JWM56,2024-06-21 00:00:00,109,1,5,0.0006829947260581908,SUR
RU000A0JWMJ5,2021-07-09 00:00:00,100.08,2,3,0.06467554549621504,SUR
RU000A0JWMS6,2023-06-30 00:00:00,109.7,2,7,0.061984918224827164,SUR
RU000A0JWMZ1,2026-07-03 00:00:00,129.9,3,13,-0.10750589085431252,SUR
RU000A0JWN22,2026-07-06 00:00:00,129.9,3,13,-0.10703905534567128,SUR
RU000A0JWN63,2026-07-07 00:00:00,103.79,1,13,0.026674817995754153,SUR
RU000A0JWN89,2026-07-29 00:00:00,104.59,1,13,0.013611183789375977,SUR
RU000A0JWNB0,2026-07-21 00:00:00,99,2,13,0.01582452543967484,SUR
RU000A0JWNE4,2021-07-15 00:00:00,102.85,1,3,48.656591722162894,USD
RU000A0JWNK1,2026-07-16 00:00:00,101.25,3,13,-0.00040155018633859183,SUR
RU000A0JWP46,2026-07-24 00:00:00,103.35,2,13,0.02594521081167256,SUR
RU000A0JWPA7,2021-07-30 00:00:00,104.85,1,3,0.04073118338746368,SUR
RU000A0JWPL4,2023-08-01 00:00:00,105.75,1,7,0.02637881824579827,SUR
RU000A0JWPV3,2031-07-24 00:00:00,108,3,13,0.004358554906606426,SUR
RU000A0JWPW1,2023-08-03 00:00:00,110.9,2,7,0.056835057925183535,SUR
RU000A0JWQ45,2022-02-14 00:00:00,105.87,3,4,0.11326106203843882,SUR
RU000A0JWRE5,2046-07-24 00:00:00,104,3,13,0.0028538678254281533,SUR
RU000A0JWRF2,2046-07-24 00:00:00,105.34,3,13,0.0023059715742790817,SUR
RU000A0JWRV9,2031-08-15 00:00:00,110,1,13,-0.004123705473111356,SUR
RU000A0JWS92,2026-08-25 00:00:00,108.03,3,13,0.020726525458374986,SUR
RU000A0JWSQ7,2021-09-03 00:00:00,104.41,3,5,0.06038835023503191,SUR
RU000A0JWST1,2026-09-01 00:00:00,105.35,1,13,0.013752073751601784,SUR
RU000A0JWT75,2023-09-20 00:00:00,107.4,1,7,0.02430001068147033,SUR
RU000A0JWT91,2026-09-19 00:00:00,122.05,3,7,-0.009697554879572313,SUR
RU000A0JWTH4,2021-09-16 00:00:00,103.2,1,3,0.05054789626314888,SUR
RU000A0JWTL6,2026-09-10 00:00:00,105.68,3,13,0.030982549994047936,SUR
RU000A0JWTN2,2026-09-10 00:00:00,109,1,13,0.03548303965774836,SUR
RU000A0JWTV5,2031-09-05 00:00:00,95.01,1,6,-0.13543885061026356,SUR
RU000A0JWU98,2021-09-22 00:00:00,102.89,1,6,0.07024712556764821,SUR
RU000A0JWUB5,2026-09-29 00:00:00,72.42,2,13,0.06493219963895809,SUR
RU000A0JWUD1,2031-09-11 00:00:00,103.75,1,13,0.015584245759631186,SUR
RU000A0JWUE9,2021-09-30 00:00:00,105.25,1,3,0.050581863312879685,SUR
RU000A0JWUV3,2021-10-03 00:00:00,104.45,1,6,0.028435464009200166,SUR
RU000A0JWUX9,2031-09-16 00:00:00,106,3,13,0.0056715711107415325,SUR
RU000A0JWV63,2026-09-23 00:00:00,132.69,3,13,-0.10460114241591456,SUR
RU000A0JWV89,2026-09-24 00:00:00,101.44,2,13,0.0022200541374896143,SUR
RU000A0JWVC1,2022-09-29 00:00:00,108.3,2,5,0.05464954463958188,SUR
RU000A0JWVL2,2026-09-29 00:00:00,102.98,1,13,0.01332357363355588,SUR
RU000A0JWVT5,2026-10-02 00:00:00,107.35,3,13,0.015066191496906543,SUR
RU000A0JWWG0,2021-10-15 00:00:00,101.11,3,6,0.13968770276569492,SUR
RU000A0JWWM8,2026-10-09 00:00:00,102,2,13,0.0019086007512678948,SUR
RU000A0JWWX5,2021-10-21 00:00:00,99.02,3,3,0.03157538978927742,SUR
RU000A0JWX04,2026-10-15 00:00:00,106.8,3,13,0.024629541942944647,SUR
RU000A0JWX87,2021-11-01 00:00:00,104.02,1,6,0.04880914889607867,SUR
RU000A0JWXF0,2023-10-25 00:00:00,106.67,1,7,0.059317271962101965,SUR
RU000A0JWXQ7,2023-11-02 00:00:00,112.27,3,6,0.01480019127711007,SUR
RU000A0JWY29,2023-11-07 00:00:00,107.05,1,6,0.021353460628091556,SUR
RU000A0JWYJ0,2026-10-30 00:00:00,100,3,6,0.006316607205878296,SUR
RU000A0JWYK8,2021-11-05 00:00:00,97.54,3,3,0.03736492414378113,SUR
RU000A0JWYQ5,2026-10-30 00:00:00,101.68,3,13,0.003462287503502204,SUR
RU000A0JWZ10,2021-11-14 00:00:00,100,3,6,0.10194551600257219,SUR
RU000A0JWZ77,2024-11-15 00:00:00,110.32,1,7,0.012920044527652504,SUR
RU000A0JWZT6,2021-11-24 00:00:00,104.7,3,3,0.06925734222106096,SUR
RU000A0JWZY6,2026-11-13 00:00:00,100.45,3,6,0.01519714466810034,SUR
RU000A0JX009,2020-11-20 00:00:00,102.13,2,1,0.052604828565539254,SUR
RU000A0JX0B9,2023-11-21 00:00:00,108.2,1,6,0.02010870705806765,SUR
RU000A0JX0Z8,2023-12-06 00:00:00,104.52,1,6,0.03482475746602169,SUR
RU000A0JX132,2026-11-25 00:00:00,100,1,6,0.01318439650124208,SUR
RU000A0JX199,2031-11-24 00:00:00,101.5,1,6,0.017037960820740654,SUR
RU000A0JX1S1,2031-11-27 00:00:00,102.59,3,13,0.012846863317170096,SUR
RU000A0JX215,2023-12-18 00:00:00,105.17,1,7,0.03482783056632788,SUR
RU000A0JX2D1,2026-12-20 00:00:00,101,2,14,0.02501428118040593,SUR
RU000A0JX2F6,2026-12-20 00:00:00,103,2,14,0.021515329850450387,SUR
RU000A0JX2M2,2026-12-10 00:00:00,102.4997,3,14,3.9181185786311525,USD
RU000A0JX2R1,2049-12-22 00:00:00,100.44,2,7,0.0014615734183650016,SUR
RU000A0JX2S9,2021-12-17 00:00:00,106.74,2,7,0.052133430479071756,SUR
RU000A0JX2X9,2023-12-14 00:00:00,109.8,3,8,0.064334784620676,SUR
RU000A0JX314,2021-12-25 00:00:00,102.2,2,7,0.07419771864581448,SUR
RU000A0JX355,2026-12-11 00:00:00,105.97,2,14,0.012920713447376355,SUR
RU000A0JX3A5,2021-12-21 00:00:00,101.2,3,4,0.0195543974015547,SUR
RU000A0JX3M0,2039-12-28 00:00:00,109.7,1,7,-0.004724808578724848,SUR
RU000A0JX439,2020-12-24 00:00:00,102.78,2,2,0.05383312378892537,SUR
RU000A0JX4Q9,2021-12-17 00:00:00,106,1,4,0.05630223806729802,SUR
RU000A0JX5W4,2032-01-05 00:00:00,100.88,3,14,0.014744011213649934,SUR
RU000A0JXC24,2024-01-26 00:00:00,111.9,2,8,0.056449390048566174,SUR
RU000A0JXC40,2026-01-23 00:00:00,81.5,3,12,1.2064542029217915,USD
RU000A0JXE06,2032-01-22 00:00:00,112.96,1,7,0.004412813343594219,SUR
RU000A0JXEV5,2022-02-04 00:00:00,105.31,1,4,0.05639853789298014,SUR
RU000A0JXFS8,2027-02-03 00:00:00,111.1,2,14,0.03279073961673332,SUR
RU000A0JXFY6,2027-02-03 00:00:00,107.9,2,14,0.03842443173469765,SUR
RU000A0JXGV0,2032-02-14 00:00:00,13,3,1,0.19851281630388276,SUR
RU000A0JXHE4,2022-02-10 00:00:00,107.94,2,4,0.04860583035189213,SUR
RU000A0JXJK7,2032-02-04 00:00:00,102.75,3,14,0.05320912680387653,SUR
RU000A0JXK40,2022-02-25 00:00:00,100.32,1,4,0.006981358692339955,SUR
RU000A0JXK99,2027-02-22 00:00:00,99.9,2,14,0.009608904379587228,SUR
RU000A0JXKQ2,2028-02-25 00:00:00,105.5,3,14,0.12309747642902111,SUR
RU000A0JXLM9,2022-03-17 00:00:00,100.2,3,4,0.011450710197470793,SUR
RU000A0JXLR8,2023-04-10 00:00:00,100.77,1,6,0.061853929307514315,SUR
RU000A0JXLU2,2027-06-20 00:00:00,100.06,3,1,-0.034907367638717546,SUR
RU000A0JXM97,2021-03-24 00:00:00,102.97,2,2,0.05078515447505796,SUR
RU000A0JXME4,2024-03-21 00:00:00,111.89,2,8,0.013887581093043642,SUR
RU000A0JXMH7,2021-03-25 00:00:00,103.2,1,2,0.0463863382561854,SUR
RU000A0JXMP0,2027-03-22 00:00:00,104.55,3,14,0.0036414363242348834,SUR
RU000A0JXMQ8,2020-09-25 00:00:00,101.2,3,1,0.05133404301499908,SUR
RU000A0JXN05,2032-05-18 00:00:00,108.1,2,14,0.015674858974904636,SUR
RU000A0JXN13,2022-04-01 00:00:00,101.38,3,4,0.11416713204809154,SUR
RU000A0JXN21,2027-03-26 00:00:00,104.01,2,14,0.018396312424135426,SUR
RU000A0JXN62,2032-04-06 00:00:00,100,3,12,0.010661952989684607,SUR
RU000A0JXNB8,2022-04-05 00:00:00,102.64,2,4,0.03209872845638534,SUR
RU000A0JXNF9,2022-04-06 00:00:00,105.8,3,4,0.05356640766803014,SUR
RU000A0JXP29,2031-06-07 00:00:00,100,3,12,0.012712293543129211,SUR
RU000A0JXP45,2024-04-18 00:00:00,101.5,2,8,0.004277474121671058,SUR
RU000A0JXPD9,2027-04-13 00:00:00,101.84,2,14,0.01355604750184125,SUR
RU000A0JXPG2,2032-04-06 00:00:00,107.37,1,8,0.009540911379039223,SUR
RU000A0JXPM0,2022-04-20 00:00:00,102.7,1,8,0.0723422427981703,SUR
RU000A0JXPN8,2027-04-14 00:00:00,109.14,1,14,0.010110311260577865,SUR
RU000A0JXPU3,2022-04-21 00:00:00,103.9,2,4,0.06928357315102318,SUR
RU000A0JXQ28,2027-04-15 00:00:00,106.35,2,14,0.021763897486122737,SUR
RU000A0JXQ44,2037-04-02 00:00:00,112.05,2,14,0.024920823485473094,SUR
RU000A0JXQ51,2024-04-19 00:00:00,100.32,3,8,0.007845121749549886,SUR
RU000A0JXQ85,2022-04-22 00:00:00,102.22,1,4,0.02945001736843282,SUR
RU000A0JXQ93,2022-04-22 00:00:00,103.4,1,8,0.0796275493498859,SUR
RU000A0JXQD7,2020-10-28 00:00:00,101.3,2,1,0.05192988685465347,SUR
RU000A0JXQH8,2021-04-29 00:00:00,103.13,3,4,0.05962826805662707,SUR
RU000A0JXQJ4,2020-10-29 00:00:00,101.69,3,1,0.06044846356225239,SUR
RU000A0JXQK2,2027-04-22 00:00:00,107.5,1,14,0.026178229857250136,SUR
RU000A0JXQQ9,2022-05-04 00:00:00,101,3,8,0.03818183151926865,SUR
RU000A0JXR43,2024-05-16 00:00:00,106,1,8,0.030808953822849802,SUR
RU000A0JXR50,2027-05-06 00:00:00,105.35,2,14,0.0164431565607992,SUR
RU000A0JXR84,2037-04-23 00:00:00,115,2,14,0.016687204361145857,SUR
RU000A0JXRB9,2024-05-14 00:00:00,97,3,8,1.9734432012518819,USD
RU000A0JXRD5,2027-05-11 00:00:00,105.85,3,14,0.0029692933056451897,SUR
RU000A0JXRF0,2022-05-17 00:00:00,105,3,8,0.08465522800994614,SUR
RU000A0JXRS3,2032-05-07 00:00:00,102.4,1,14,0.0010617920123171386,SUR
RU000A0JXRV7,2032-05-11 00:00:00,100.02,3,14,0.00469528250334951,SUR
RU000A0JXRW5,2027-05-30 00:00:00,102.63,1,14,0.007795887565554409,SUR
RU000A0JXS26,2041-03-28 00:00:00,104.73,1,9,-0.002219720844095315,SUR
RU000A0JXS34,2022-06-07 00:00:00,104.45,2,4,0.06420425237070168,SUR
RU000A0JXS59,2027-05-19 00:00:00,100.59,3,14,0.02599625811352949,SUR
RU000A0JXS83,2027-04-20 00:00:00,110.99,1,11,0.021173026888449947,SUR
RU000A0JXSD3,2024-06-02 00:00:00,106.01,1,8,0.035139115637854504,SUR
RU000A0JXSF8,2027-05-21 00:00:00,102.01,2,14,0.010227383447101201,SUR
RU000A0JXSS1,2027-05-25 00:00:00,103.94,2,14,0.01281133470397365,SUR
RU000A0JXT41,2024-05-31 00:00:00,106.4,1,8,0.028381240802749664,SUR
RU000A0JXT58,2027-03-01 00:00:00,98.5,3,14,0.0022571882887063932,SUR
RU000A0JXTB5,2022-06-07 00:00:00,103.23,2,4,0.07504342242832358,SUR
RU000A0JXTN0,2020-06-17 00:00:00,100.22,3,1,-0.22147669700482925,SUR
RU000A0JXTS9,2027-06-23 00:00:00,112.8,1,15,4.203812045545203,USD
RU000A0JXTW1,2024-06-11 00:00:00,107.86,1,9,0.026721798597384834,SUR
RU000A0JXTY7,2027-06-08 00:00:00,102.5,2,15,0.009496930534026582,SUR
RU000A0JXU14,2047-06-23 00:00:00,134,1,15,4.427395258604305,USD
RU000A0JXU48,2022-12-15 00:00:00,104,1,6,7.802762820488162,USD
RU000A0JXU71,2021-06-18 00:00:00,103.44,1,3,0.05270418284109433,SUR
RU000A0JXUC1,2021-06-21 00:00:00,102.78,3,3,0.0587593938542639,SUR
RU000A0JXUD9,2024-06-25 00:00:00,107.5,1,9,0.026240124040452617,SUR
RU000A0JXUH0,2020-06-30 00:00:00,100.49,3,1,-0.031204428964777924,SUR
RU000A0JXVE5,2022-07-05 00:00:00,106,3,5,0.05842449656824533,SUR
RU000A0JXVG0,2022-07-05 00:00:00,105,3,5,0.06862654938180886,SUR
RU000A0JXVH8,2024-07-12 00:00:00,107.66,1,10,0.03536234903406634,SUR
RU000A0JXVM8,2022-07-07 00:00:00,105.3,2,5,0.05467626397894365,SUR
RU000A0JXW87,2023-07-14 00:00:00,94.1,3,9,0.02272089068091995,SUR
RU000A0JXXD3,2027-07-14 00:00:00,101.73,1,15,0.004829707311353579,SUR
RU000A0JXXE1,2027-07-14 00:00:00,101.85,1,15,0.004654423023885693,SUR
RU000A0JXY44,2022-07-29 00:00:00,106.9,1,9,0.07405931488569652,SUR
RU000A0JXYS9,2024-08-09 00:00:00,107.62,1,9,0.03378519016351317,SUR
RU000A0JXZB2,2032-07-29 00:00:00,110.48,2,15,0.028393718378949048,SUR
RU000A0JY023,2024-08-21 00:00:00,103.6998,1,9,2462.0417146335994,USD
RU000A0JY031,2024-08-21 00:00:00,106.31,1,9,0.03837173806516183,SUR
RU000A0ZYA66,2022-09-09 00:00:00,101.09,1,9,0.08254841049095184,SUR
RU000A0ZYA74,2020-09-11 00:00:00,100.85,3,1,0.09664403175324209,SUR
RU000A0ZYAE3,2020-09-19 00:00:00,101.78,2,1,0.015841316184623574,SUR
RU000A0ZYAP9,2032-09-01 00:00:00,100.31,1,10,-0.6004136366696534,SUR
RU000A0ZYAR5,2020-09-17 00:00:00,101.98,2,2,-0.005244340725964149,SUR
RU000A0ZYB40,2024-09-26 00:00:00,107.1,1,10,0.03404642459067036,SUR
RU000A0ZYB73,2020-09-26 00:00:00,100.88,2,1,0.05238154293747566,SUR
RU000A0ZYBD3,2022-09-27 00:00:00,102.74,1,10,0.06428802694416243,SUR
RU000A0ZYBG6,2020-09-30 00:00:00,100.91,2,1,0.05200588721078589,SUR
RU000A0ZYBM4,2032-10-13 00:00:00,101.2,3,15,0.0010921407215020871,SUR
RU000A0ZYBS1,2020-12-08 00:00:00,101.5,1,2,0.048712081328333344,SUR
RU000A0ZYBT9,2021-09-28 00:00:00,103.23,3,3,0.058318235646636664,SUR
RU000A0ZYBV5,2022-09-27 00:00:00,103.15,1,10,0.0734226951666005,SUR
RU000A0ZYC31,2027-09-23 00:00:00,100.36,3,10,0.0028913021334213695,SUR
RU000A0ZYC98,2022-10-03 00:00:00,104.5,2,5,0.05810995035466409,SUR
RU000A0ZYCD1,2025-10-12 00:00:00,105.1,1,10,0.032871157451210754,SUR
RU000A0ZYCJ8,2020-10-12 00:00:00,101.14,1,1,0.04949236212831587,SUR
RU000A0ZYCM2,2024-10-03 00:00:00,104,1,10,0.04086514011041418,SUR
RU000A0ZYCP5,2027-09-30 00:00:00,100.07,1,15,0.0025620684481112567,SUR
RU000A0ZYCQ3,2020-10-14 00:00:00,101,2,1,0.05401254017540263,SUR
RU000A0ZYCR1,2027-09-30 00:00:00,102.33,2,15,0.013523940779442278,SUR
RU000A0ZYCZ4,2023-10-15 00:00:00,104.26,3,10,0.050951046948115815,SUR
RU000A0ZYDD9,2025-10-09 00:00:00,108.85,1,11,0.06021016390495787,SUR
RU000A0ZYDH0,2052-09-06 00:00:00,104.9,1,10,0.004351229473888435,SUR
RU000A0ZYDQ1,2022-10-23 00:00:00,105.12,1,10,0.04250278129212581,SUR
RU000A0ZYDS7,2022-10-17 00:00:00,104.95,3,5,0.0563651957251798,SUR
RU000A0ZYDU3,2025-10-22 00:00:00,105.31,1,11,0.03789700124444108,SUR
RU000A0ZYE96,2020-10-22 00:00:00,100.59,3,2,0.13893149120370915,SUR
RU000A0ZYEB1,2027-10-14 00:00:00,100,2,15,0.0051558821077954484,SUR
RU000A0ZYEE5,2024-10-31 00:00:00,103.85,2,9,0.01670783130258625,SUR
RU000A0ZYEM8,2022-10-27 00:00:00,102.04,3,10,0.1093249000982631,SUR
RU000A0ZYEQ9,2022-10-27 00:00:00,102,2,10,0.0837993706495216,SUR
RU000A0ZYF20,2050-11-07 00:00:00,101.5,2,10,0.0003403497250457947,SUR
RU000A0ZYF38,2050-11-07 00:00:00,100.5,2,10,0.0006743028704097505,SUR
RU000A0ZYF61,2024-11-07 00:00:00,103.39,1,10,0.04832280406658029,SUR
RU000A0ZYFB8,2024-10-31 00:00:00,106.18,1,10,0.034979490130751356,SUR
RU000A0ZYFC6,2022-11-03 00:00:00,104.61,1,5,0.056828954833750875,SUR
RU000A0ZYFM5,2050-11-13 00:00:00,103.89,2,10,0.002595415520630449,SUR
RU000A0ZYFN3,2050-11-13 00:00:00,102.43,2,10,0.003118374972232825,SUR
RU000A0ZYFS2,2027-11-03 00:00:00,101,2,15,0.003949271125487575,SUR
RU000A0ZYG37,2027-11-09 00:00:00,99.6,3,15,0.005228398017063469,SUR
RU000A0ZYG52,2027-11-09 00:00:00,105,1,15,0.019165932349795245,SUR
RU000A0ZYG60,2024-11-20 00:00:00,106.34,2,10,0.03845391294621896,SUR
RU000A0ZYGB6,2032-12-04 00:00:00,100.97,3,15,0.002148767533627979,SUR
RU000A0ZYGM3,2022-11-26 00:00:00,103.6,3,11,0.06023282679155895,SUR
RU000A0ZYH02,2027-11-16 00:00:00,100.52,3,10,0.0039911495318807905,SUR
RU000A0ZYH51,2032-11-11 00:00:00,100,3,13,0.00607362791959086,SUR
RU000A0ZYH93,2027-11-27 00:00:00,133.01,1,12,-0.03187671806608289,SUR
RU000A0ZYHH1,2020-12-02 00:00:00,101.49,2,1,0.04826252487311175,SUR
RU000A0ZYHK5,2020-12-01 00:00:00,101.64,2,1,0.04424007038025528,SUR
RU000A0ZYHW0,2027-11-22 00:00:00,102.29,3,10,0.01170528220082655,SUR
RU000A0ZYHX8,2025-05-28 00:00:00,109.99,1,10,0.05226677244703114,SUR
RU000A0ZYJ00,2022-12-05 00:00:00,103.64,1,10,0.05792066998217123,SUR
RU000A0ZYJ18,2025-12-05 00:00:00,107.59,1,10,0.026125641382132796,SUR
RU000A0ZYJ42,2020-12-09 00:00:00,101.4,3,1,0.05194289936540413,SUR
RU000A0ZYJ91,2052-10-23 00:00:00,106.32,2,10,0.004053974972077706,SUR
RU000A0ZYJB0,2024-12-07 00:00:00,106.43,2,11,0.04043264477018572,SUR
RU000A0ZYJH7,2027-11-24 00:00:00,100.02,1,15,0.0035210750811074617,SUR
RU000A0ZYJJ3,2027-11-24 00:00:00,100.02,1,15,0.0035210750811074617,SUR
RU000A0ZYJR6,2027-11-25 00:00:00,100.69,1,15,0.00908558322893152,SUR
RU000A0ZYJT2,2046-04-28 00:00:00,107.32,1,11,0.0,SUR
RU000A0ZYJX4,2020-12-04 00:00:00,100.25,3,2,0.1412066012364417,SUR
RU000A0ZYKH5,2027-12-02 00:00:00,111,1,10,0.014828641258464713,SUR
RU000A0ZYKJ1,2026-12-04 00:00:00,106.15,1,13,0.06131026320247617,SUR
RU000A0ZYKU8,2024-12-17 00:00:00,106.93,2,11,0.03165779989559661,SUR
RU000A0ZYKW4,2024-12-17 00:00:00,105.32,1,11,0.0426762133875077,SUR
RU000A0ZYL22,2024-12-18 00:00:00,107.28,3,11,0.03902132858564135,SUR
RU000A0ZYL48,2022-12-25 00:00:00,102.97,3,11,0.059593892492521706,SUR
RU000A0ZYL55,2020-12-16 00:00:00,100.76,3,2,0.10683377852065966,SUR
RU000A0ZYLB6,2020-12-17 00:00:00,100.38,3,2,0.10467630316990899,SUR
RU000A0ZYLC4,2024-12-12 00:00:00,107.35,3,10,0.05902244260525245,SUR
RU000A0ZYLD2,2020-12-17 00:00:00,101,3,2,0.07094278990561731,SUR
RU000A0ZYLF7,2027-12-09 00:00:00,105,2,16,0.020055403799315325,SUR
RU000A0ZYLG5,2027-12-09 00:00:00,104.95,1,16,0.020131169204665216,SUR
RU000A0ZYLH3,2020-06-18 00:00:00,100.06,1,1,0.009395191759212088,SUR
RU000A0ZYLK7,2027-12-10 00:00:00,105.1,3,11,0.03845817120717728,SUR
RU000A0ZYLL5,2020-12-18 00:00:00,101.3,3,2,0.06718758929069163,SUR
RU000A0ZYLQ4,2024-12-16 00:00:00,105.1,3,10,0.06480518364330091,SUR
RU000A0ZYLU6,2027-12-13 00:00:00,100.68,2,11,-0.0007046460852218679,SUR
RU000A0ZYLX0,2037-10-28 00:00:00,108.3,1,11,-0.00457701912147288,SUR
RU000A0ZYM05,2020-12-26 00:00:00,101.55,2,2,0.0506525043078602,SUR
RU000A0ZYM21,2022-12-20 00:00:00,100.1,3,6,0.08216812515275601,SUR
RU000A0ZYM47,2024-12-25 00:00:00,100,1,11,0.0551463071028518,SUR
RU000A0ZYMD0,2022-12-28 00:00:00,99.18,3,6,0.08349756363120384,SUR
RU000A0ZYMJ7,2024-12-19 00:00:00,104.45,1,11,0.042419799994089395,SUR
RU000A0ZYML3,2022-12-22 00:00:00,103.55,1,11,0.051316554917752825,SUR
RU000A0ZYMM1,2027-12-16 00:00:00,103,3,16,0.08426013341591396,SUR
RU000A0ZYMN9,2027-12-16 00:00:00,100.08,3,16,0.0897786428070118,SUR
RU000A0ZYNY4,2032-12-31 00:00:00,97.44,1,11,0.018107688472285204,SUR
RU000A0ZYPB7,2023-01-19 00:00:00,99.9,3,11,0.004829867490639901,SUR
RU000A0ZYPG6,2023-01-19 00:00:00,102.01,1,6,0.06420691901763699,SUR
RU000A0ZYQU5,2028-01-21 00:00:00,103.78,2,16,0.0018133052835420645,SUR
RU000A0ZYQX9,2021-07-30 00:00:00,101.54,1,3,0.06447674117092529,SUR
RU000A0ZYQY7,2028-01-21 00:00:00,102.33,2,16,0.005239399626317075,SUR
RU000A0ZYR18,2023-01-27 00:00:00,102.95,1,11,0.06838206870171176,SUR
RU000A0ZYR91,2033-01-18 00:00:00,97.99,1,11,0.01756772392487878,SUR
RU000A0ZYRX7,2023-02-12 00:00:00,102.25,2,6,0.0387752444257493,SUR
RU000A0ZYRY5,2023-02-12 00:00:00,101.79,2,6,0.04066547231032906,SUR
RU000A0ZYSS5,2021-03-05 00:00:00,101,3,2,0.12812417904953585,SUR
RU000A0ZYT40,2028-02-03 00:00:00,104.21,1,16,0.021563631136004183,SUR
RU000A0ZYTM6,2021-02-15 00:00:00,101.45,2,2,0.050236890445983375,SUR
RU000A0ZYTZ8,2023-02-14 00:00:00,103,1,6,0.05645708948830443,SUR
RU000A0ZYU05,2033-02-01 00:00:00,105.65,2,16,0.03098391943274041,SUR
RU000A0ZYU21,2033-03-04 00:00:00,101.2,3,16,0.0031184158338776005,SUR
RU000A0ZYU39,2023-02-15 00:00:00,103.19,3,6,0.017944309490789026,SUR
RU000A0ZYU54,2023-02-15 00:00:00,100,3,6,0.006727271091424616,SUR
RU000A0ZYUJ0,2021-08-27 00:00:00,101.6,1,3,0.055707769488141975,SUR
RU000A0ZYUS1,2022-02-21 00:00:00,102.82,1,4,0.054447371174412465,SUR
RU000A0ZYUV5,2028-02-15 00:00:00,103.01,2,16,0.04207442456951165,SUR
RU000A0ZYUW3,2028-02-15 00:00:00,103,2,16,0.04209082714812106,SUR
RU000A0ZYUY9,2028-02-15 00:00:00,104.5,2,16,0.03965365663019607,SUR
RU000A0ZYV04,2028-02-15 00:00:00,104.7,2,16,0.03933218606861603,SUR
RU000A0ZYVU5,2028-02-18 00:00:00,105,1,16,0.030050108338865813,SUR
RU000A0ZYVY7,2028-02-21 00:00:00,100,3,11,0.05690073050782818,SUR
RU000A0ZYWB3,2033-03-17 00:00:00,102.2,3,16,0.0055307393328394155,SUR
RU000A0ZYWU3,2028-02-23 00:00:00,107,2,16,0.04241136185239341,SUR
RU000A0ZYWX7,2021-09-01 00:00:00,101.8,1,3,0.0561170879670746,SUR
RU000A0ZYWY5,2025-02-26 00:00:00,104.3,1,10,0.0627491381753209,SUR
RU000A0ZYWZ2,2029-02-21 00:00:00,114,1,16,-0.0013021147785102314,USD
RU000A0ZYX28,2023-08-30 00:00:00,111.89,1,7,-0.5532948751789017,USD
RU000A0ZYX69,2028-02-23 00:00:00,103.95,2,16,0.03615987784848275,SUR
RU000A0ZYXJ4,2022-03-09 00:00:00,102.3,3,4,0.06063778621606404,SUR
RU000A0ZYXV9,2024-03-07 00:00:00,104.98,3,8,0.057760364038346335,SUR
RU000A0ZYYE3,2028-03-03 00:00:00,103.59,1,16,0.03166949072453245,SUR
RU000A0ZYYN4,2029-03-21 00:00:00,113.5652,1,16,3.774211707743332,USD
RU000A0ZZ083,2033-03-08 00:00:00,83,1,16,0.014764713781339877,SUR
RU000A0ZZ0D3,2021-03-25 00:00:00,99,3,4,0.15172261421242497,SUR
RU000A0ZZ0L6,2021-03-26 00:00:00,100.67,3,4,0.09190070695405891,SUR
RU000A0ZZ0Z6,2021-10-08 00:00:00,101.31,3,1,-0.009584449358791169,SUR
RU000A0ZZ117,2023-05-19 00:00:00,104,1,6,0.057756510999764955,SUR
RU000A0ZZ1H2,2023-03-31 00:00:00,100.95,1,6,0.01673365688650156,SUR
RU000A0ZZ1J8,2033-03-18 00:00:00,101.37,1,12,0.016299171088484218,SUR
RU000A0ZZ1N0,2028-03-24 00:00:00,101.2,1,16,0.0015366150835491622,SUR
RU000A0ZZ1Y7,2028-03-28 00:00:00,100.01,2,16,0.007395401388648774,SUR
RU000A0ZZ2A5,2025-04-01 00:00:00,96.36,3,10,7.433445408593001,USD
RU000A0ZZ2U3,2021-10-07 00:00:00,100,3,6,0.003516391183668015,SUR
RU000A0ZZ349,2021-10-08 00:00:00,102.2,1,3,0.0530642374506596,SUR
RU000A0ZZ3U1,2021-05-16 00:00:00,96.61,3,1,0.038642020805950014,SUR
RU000A0ZZ4P9,2033-04-04 00:00:00,103.85,2,16,0.01394483378759199,SUR
RU000A0ZZ4T1,2028-04-12 00:00:00,106.78,3,16,-0.09000316606187236,SUR
RU000A0ZZ4Z8,2023-05-18 00:00:00,101,3,12,0.09418049620478158,SUR
RU000A0ZZ505,2028-04-13 00:00:00,107,3,16,-0.09030931223151198,SUR
RU000A0ZZ547,2021-04-23 00:00:00,102.19,3,4,0.09624868831407349,SUR
RU000A0ZZ5H3,2028-04-24 00:00:00,104.03,3,16,0.024351970025094812,SUR
RU000A0ZZ5J9,2028-04-24 00:00:00,105.49,3,16,0.022193043790035793,SUR
RU000A0ZZ5U6,2021-11-19 00:00:00,97.45,3,1,0.01847501714946227,SUR
RU000A0ZZ6K5,2046-03-28 00:00:00,101.7,2,13,-0.0005470391966611441,SUR
RU000A0ZZ7C0,2028-05-10 00:00:00,103,1,17,0.006352126058590246,SUR
RU000A0ZZ7E6,2025-05-15 00:00:00,104.13,1,12,0.04484680793114004,SUR
RU000A0ZZ7U2,2021-06-27 00:00:00,99.2,3,1,0.008109295523207351,SUR
RU000A0ZZ877,2033-05-10 00:00:00,99.98,2,16,0.0021106622927929922,SUR
RU000A0ZZ885,2033-05-10 00:00:00,100.09,2,16,0.002023064317291431,SUR
RU000A0ZZ893,2033-05-10 00:00:00,100.07,2,16,0.0020389833088802186,SUR
RU000A0ZZ8T2,2021-06-15 00:00:00,99.9,2,4,0.04181198302333588,SUR
RU000A0ZZ8X4,2025-06-03 00:00:00,105.51,1,12,0.04252052698267696,SUR
RU000A0ZZ984,2033-05-20 00:00:00,96.92,1,12,0.018178535793521404,SUR
RU000A0ZZ992,2021-12-24 00:00:00,96.8,3,1,0.02177533460170489,SUR
RU000A0ZZ9P8,2026-06-04 00:00:00,104.25,1,12,0.0387508378668075,SUR
RU000A0ZZ9R4,2033-05-26 00:00:00,104.48,2,16,0.020656921620492416,SUR
RU000A0ZZ9W4,2023-06-09 00:00:00,103.69,2,6,0.06422623115581289,SUR
RU000A0ZZAJ9,2021-08-01 00:00:00,100.39,3,1,-0.0031687526240904026,SUR
RU000A0ZZAW2,2021-06-23 00:00:00,99.99,1,3,0.0019493492303771886,SUR
RU000A0ZZBJ7,2021-06-25 00:00:00,100.8,1,3,0.08024222407803526,SUR
RU000A0ZZBN9,2022-02-02 00:00:00,103.39,1,4,0.054740736823546236,SUR
RU000A0ZZBV2,2028-06-20 00:00:00,100,1,17,0.0004797738405030629,SUR
RU000A0ZZC22,2023-06-29 00:00:00,101,3,13,0.09432512225402866,SUR
RU000A0ZZC48,2025-06-26 00:00:00,105.34,1,14,0.04779623524053654,SUR
RU000A0ZZCH9,2043-04-28 00:00:00,103.35,1,13,-0.0010387846494263368,SUR
RU000A0ZZCV0,2021-07-08 00:00:00,99.98,3,5,0.1476786563046599,SUR
RU000A0ZZD39,2021-07-12 00:00:00,103.71,3,3,0.12550813595089286,SUR
RU000A0ZZD88,2022-01-17 00:00:00,109.5,3,1,-0.05521181358909489,SUR
RU000A0ZZDB0,2028-07-11 00:00:00,100.5,1,17,0.01953634572281752,SUR
RU000A0ZZE20,2023-01-18 00:00:00,104.1,1,6,0.0585660979469698,SUR
RU000A0ZZE38,2022-08-07 00:00:00,96.5,3,1,0.016936056978672585,SUR
RU000A0ZZEA0,2023-07-18 00:00:00,99.49,3,13,0.05317777328934529,SUR
RU000A0ZZEM5,2025-09-21 00:00:00,106.61,1,16,0.0526886933019792,SUR
RU000A0ZZES2,2048-06-23 00:00:00,109.97,1,17,0.01276745412696409,SUR
RU000A0ZZET0,2048-06-23 00:00:00,109.97,1,17,0.01276745412696409,SUR
RU000A0ZZEW4,2021-08-02 00:00:00,102.4,1,3,0.05750570557503303,SUR
RU000A0ZZFC3,2022-02-15 00:00:00,110.9,3,1,-0.05983156254872112,SUR
RU000A0ZZFH2,2021-08-03 00:00:00,103.16,3,3,0.07011261552448833,SUR
RU000A0ZZFP5,2021-08-04 00:00:00,100.07,3,5,0.06650288239233812,SUR
RU000A0ZZG93,2021-08-09 00:00:00,102.39,3,3,0.06200251670899173,SUR
RU000A0ZZGE7,2021-08-17 00:00:00,103.1,2,3,0.058992067754837924,SUR
RU000A0ZZGT5,2028-08-03 00:00:00,101.7,2,17,-0.0007768522033255926,SUR
RU000A0ZZH84,2021-08-24 00:00:00,103.12,1,5,0.05385434655128751,SUR
RU000A0ZZHD7,2022-08-30 00:00:00,103.1,3,1,-0.01355149553876334,SUR
RU000A0ZZJZ6,2020-08-26 00:00:00,115,3,1,-0.434947084677978,SUR
RU000A0ZZKP5,2022-03-03 00:00:00,100.38,3,7,0.006131042136963763,SUR
RU000A0ZZKR1,2022-03-15 00:00:00,118.7,3,1,-0.06897666463535908,SUR
RU000A0ZZKW1,2021-08-21 00:00:00,100,3,3,0.133808112443663,SUR
RU000A0ZZL05,2023-09-04 00:00:00,99.97,3,7,0.004700502766665512,SUR
RU000A0ZZL54,2021-10-14 00:00:00,104.6,3,1,-0.03298716467949143,SUR
RU000A0ZZM87,2025-09-12 00:00:00,108.5,1,15,0.04761573890907067,SUR
RU000A0ZZMA3,2022-03-31 00:00:00,122,3,1,-0.08151214455336869,SUR
RU000A0ZZMB1,2022-03-24 00:00:00,121.3,3,1,-0.1030333000392843,SUR
RU000A0ZZMQ9,2023-09-19 00:00:00,98.83,3,14,0.06090996914333677,SUR
RU000A0ZZNJ2,2025-09-24 00:00:00,109.95,1,14,0.04497406384233011,SUR
RU000A0ZZNL8,2023-05-18 00:00:00,100,3,6,0.018126502733424733,SUR
RU000A0ZZNM6,2028-09-20 00:00:00,99.9,3,14,0.0007058450288410235,SUR
RU000A0ZZNV7,2021-10-04 00:00:00,100.17,3,3,0.0322782284954177,SUR
RU000A0ZZNW5,2047-09-28 00:00:00,104.45,1,14,-0.0014896259155735565,SUR
RU000A0ZZP27,2021-11-11 00:00:00,106.7,3,1,-0.04479725100956121,SUR
RU000A0ZZP35,2022-04-18 00:00:00,124.8,3,1,-0.09067554098518646,SUR
RU000A0ZZPB4,2023-10-15 00:00:00,105,1,14,0.059263404917416385,SUR
RU000A0ZZPE8,2022-04-21 00:00:00,94.1,3,1,0.0336258128325315,SUR
RU000A0ZZPZ3,2022-10-14 00:00:00,106.7,3,5,0.059637151707296665,SUR
RU000A0ZZQ18,2022-04-28 00:00:00,125.1,3,1,-0.09059521053222451,SUR
RU000A0ZZQ59,2020-10-20 00:00:00,101.93,3,2,0.08548306555048718,SUR
RU000A0ZZQH9,2026-10-23 00:00:00,106.99,1,15,0.04898257297534834,SUR
RU000A0ZZQK3,2022-10-27 00:00:00,103.6,3,1,-0.014663461990060038,SUR
RU000A0ZZQN7,2023-10-19 00:00:00,109.5,1,14,0.05684010964175224,SUR
RU000A0ZZQQ0,2025-10-24 00:00:00,111.38,3,14,0.040471573067760905,SUR
RU000A0ZZR33,2025-10-21 00:00:00,106.51,1,14,0.04531608417900164,SUR
RU000A0ZZR90,2021-10-26 00:00:00,99.4,3,6,0.15284060212771397,SUR
RU000A0ZZRB0,2021-11-01 00:00:00,104.9,1,3,0.0528530555136469,SUR
RU000A0ZZRK1,2028-10-18 00:00:00,110.11,2,17,0.02471093733856672,SUR
RU000A0ZZRR6,2021-05-07 00:00:00,103.2,1,2,0.052439856621716796,SUR
RU000A0ZZRU0,2021-12-06 00:00:00,95.58,3,1,0.03130283584943744,SUR
RU000A0ZZRY2,2033-10-14 00:00:00,101,2,17,0.0010496702949657414,SUR
RU000A0ZZRZ9,2021-10-29 00:00:00,104.45,2,3,0.05804963542496712,SUR
RU000A0ZZS73,2023-05-18 00:00:00,100,3,6,0.018126502733424733,SUR
RU000A0ZZSJ1,2022-05-18 00:00:00,125.9,3,1,-0.0911487188558781,SUR
RU000A0ZZSK9,2022-05-18 00:00:00,139.1,3,1,-0.15752489132139344,SUR
RU000A0ZZSW4,2024-11-11 00:00:00,110,1,14,0.050811133705656805,SUR
RU000A0ZZT80,2021-11-09 00:00:00,104.02,2,3,0.06351785312984781,SUR
RU000A0ZZTL5,2028-11-02 00:00:00,100.5,2,17,0.002660659417563605,SUR
RU000A0ZZTW2,2021-12-20 00:00:00,105.9,3,1,-0.03693275186343036,SUR
RU000A0ZZUK5,2021-11-22 00:00:00,104.27,2,3,0.061918251577391434,SUR
RU000A0ZZUR0,2021-05-09 00:00:00,100.55,3,1,0.0,SUR
RU000A0ZZUT6,2024-05-24 00:00:00,109.99,1,14,0.03939414267616926,SUR
RU000A0ZZUZ3,2021-11-19 00:00:00,104.76,3,6,0.06643820031072867,SUR
RU000A0ZZV03,2020-11-12 00:00:00,104.25,3,2,-0.04202019902090628,SUR
RU000A0ZZV11,2033-11-04 00:00:00,104.6,1,14,0.007452564078882286,SUR
RU000A0ZZV52,2021-11-10 00:00:00,99.66,3,2,0.0,SUR
RU000A0ZZV86,2048-05-28 00:00:00,106.51,1,14,-0.0015692798396523852,SUR
RU000A0ZZW51,2020-12-15 00:00:00,102.52,3,1,-0.04804790453991387,SUR
RU000A0ZZW69,2022-01-10 00:00:00,102.1,3,1,-0.012933911492126639,SUR
RU000A0ZZW77,2045-12-10 00:00:00,104.45,2,14,-0.0008611098592899071,SUR
RU000A0ZZWG9,2020-12-01 00:00:00,100,3,2,0.14731797429523336,SUR
RU000A0ZZWJ3,2023-02-12 00:00:00,100.61,3,2,0.00491139236307697,SUR
RU000A0ZZWY2,2022-06-16 00:00:00,128.1,3,1,-0.1048741999306777,SUR
RU000A0ZZWZ9,2022-02-07 00:00:00,104.69,1,4,0.05504020394977424,SUR
RU000A0ZZX19,2022-06-03 00:00:00,106,2,4,0.05564417338201613,SUR
RU000A0ZZX35,2021-12-06 00:00:00,100,3,6,0.10920350129958446,SUR
RU000A0ZZXJ1,2020-06-26 00:00:00,102.01,3,1,-0.48074658474779125,SUR
RU000A0ZZXM5,2022-06-13 00:00:00,106.5,2,4,0.05540268916428718,SUR
RU000A0ZZXP8,2020-12-09 00:00:00,100.34,1,1,0.0688698913010483,SUR
RU000A0ZZXT0,2021-12-09 00:00:00,100.5,3,6,0.03541085655607779,SUR
RU000A0ZZY42,2023-12-11 00:00:00,99.5,3,15,0.03235293917846686,SUR
RU000A0ZZY83,2022-06-28 00:00:00,106.7,3,1,-0.031189492827781537,SUR
RU000A0ZZYF7,2023-11-22 00:00:00,100,3,14,0.015785650539390513,SUR
RU000A0ZZYL5,2023-12-11 00:00:00,100.05,3,8,0.08341306726918035,SUR
RU000A0ZZYP6,2023-02-25 00:00:00,100.51,3,2,0.007786025970092014,SUR
RU000A0ZZYR2,2020-06-17 00:00:00,100.04,1,1,0.008983604350929224,SUR
RU000A0ZZZ09,2044-12-28 00:00:00,105.85,1,15,-0.0021856452087481077,SUR
RU000A0ZZZ17,2028-12-07 00:00:00,118.35,3,18,0.041481588629336055,SUR
RU000A0ZZZ66,2022-06-24 00:00:00,106.3,1,5,0.059401285254063595,SUR
RU000A0ZZZN8,2021-12-21 00:00:00,101.92,3,7,0.0847802544340054,SUR
RU000A0ZZZP3,2021-12-21 00:00:00,104.76,1,7,0.059699459641578446,SUR
RU000A0ZZZQ1,2034-03-28 00:00:00,101.99,3,4,-0.0011980602707373274,SUR
RU000A0ZZZU3,2021-12-22 00:00:00,102.65,3,4,0.09297850478219288,SUR
RU000A0ZZZZ2,2028-12-14 00:00:00,98.13,3,15,0.026190736215363476,SUR
RU000A100030,2030-12-12 00:00:00,103.9,2,18,-0.005522825768902623,SUR
RU000A100048,2021-12-23 00:00:00,100.52,2,4,-0.0019696686316285445,SUR
RU000A100089,2020-06-26 00:00:00,100.12,1,1,0.04185395103285742,SUR
RU000A1000J1,2022-08-08 00:00:00,95.7,3,1,0.020839382088456874,SUR
RU000A1000V6,2021-05-13 00:00:00,104,3,4,0.09164603961527375,SUR
RU000A1001L5,2024-01-22 00:00:00,102.99,3,15,0.03876410861159257,SUR
RU000A1001M3,2021-02-12 00:00:00,98.8,3,1,0.018682644930252162,SUR
RU000A1001T8,2029-01-12 00:00:00,105.5,3,15,0.0017896951025795026,SUR
RU000A100220,2022-01-31 00:00:00,105.34,2,4,0.05547979158175287,SUR
RU000A100238,2024-01-23 00:00:00,109.84,1,15,0.05785841916862146,SUR
RU000A100295,2022-08-10 00:00:00,116.3,3,1,-0.04736917905480679,SUR
RU000A1002C2,2024-01-26 00:00:00,113.48,2,8,0.046609403119860796,SUR
RU000A1002E8,2023-01-31 00:00:00,108,2,6,0.05905069756815444,SUR
RU000A1002L3,2034-01-16 00:00:00,104,1,18,0.004234036356198672,SUR
RU000A1002P4,2022-01-31 00:00:00,104.89,2,4,0.05441770914901267,SUR
RU000A1002U4,2022-02-01 00:00:00,104.5,1,4,0.058483146871952,SUR
RU000A100303,2024-01-11 00:00:00,102.99,3,4,0.0025085588864396857,SUR
RU000A1003A4,2034-01-20 00:00:00,104.5,1,15,0.008568055170996361,SUR
RU000A1003C0,2022-02-04 00:00:00,103.29,1,4,0.06416509487457459,SUR
RU000A1003E6,2022-01-27 00:00:00,103.68,3,4,0.0073456143846456065,SUR
RU000A1003G1,2022-03-21 00:00:00,129.3,3,1,-0.13537940430037862,SUR
RU000A1003H9,2022-03-21 00:00:00,95.6,3,1,0.026011378664388515,SUR
RU000A1003L1,2022-02-15 00:00:00,104.3,2,4,0.06237186848637016,SUR
RU000A1003N7,2022-02-10 00:00:00,106.7,3,4,0.07751635836490321,SUR
RU000A1003Q0,2022-02-16 00:00:00,104.45,2,4,0.0639731792970509,SUR
RU000A100436,2022-02-21 00:00:00,104.08,2,4,0.0625221722835156,SUR
RU000A100444,2022-08-29 00:00:00,120.3,3,1,-0.06958236290269677,SUR
RU000A100451,2022-08-29 00:00:00,116.9,3,1,-0.04850005681587261,SUR
RU000A1004A2,2024-02-15 00:00:00,107.99,1,8,0.05860249130927049,SUR
RU000A1004G9,2021-02-23 00:00:00,102.35,1,2,0.0505157106899342,SUR
RU000A1004K1,2029-02-14 00:00:00,101.59,1,18,0.006138082992182208,SUR
RU000A1004L9,2028-03-31 00:00:00,105,3,18,0.04287997245046401,SUR
RU000A1004M7,2022-04-04 00:00:00,101.19,3,1,-0.006369788831248134,SUR
RU000A1004N5,2022-09-30 00:00:00,93.3,3,1,0.03086150985445049,SUR
RU000A1004S4,2022-02-24 00:00:00,104.82,3,4,0.06747105647856226,SUR
RU000A1004U0,2021-02-25 00:00:00,102.49,1,2,0.05102642219599528,SUR
RU000A1004W6,2029-02-16 00:00:00,101.99,1,18,0.004533647367699854,SUR
RU000A1004X4,2021-03-09 00:00:00,102.59,1,2,0.049945374704970125,SUR
RU000A1004Z9,2022-08-12 00:00:00,104.37,3,5,0.0016838449789044112,SUR
RU000A100535,2022-03-01 00:00:00,99.65,3,7,0.1519014741704736,SUR
RU000A100576,2022-09-12 00:00:00,119.4,3,1,-0.05662955873703759,SUR
RU000A100584,2034-02-15 00:00:00,99,3,15,0.002434588925419985,SUR
RU000A1005H4,2025-02-26 00:00:00,104.8,2,10,0.021823069492944595,SUR
RU000A1005L6,2029-02-21 00:00:00,105.31,2,18,0.013991552877030088,SUR
RU000A1005N2,2024-03-04 00:00:00,99.99,3,15,0.025688158331867866,SUR
RU000A1005T9,2024-04-05 00:00:00,95.4,3,15,0.1515257015986461,SUR
RU000A1005Y9,2022-03-08 00:00:00,100.84,2,7,0.10287502753515526,SUR
RU000A100634,2022-04-11 00:00:00,128.1,3,1,-0.12694666515430725,SUR
RU000A100691,2024-03-08 00:00:00,102.32,2,15,0.01153086908118251,SUR
RU000A1006B5,2024-02-17 00:00:00,101.5,3,5,-0.2637519575248881,SUR
RU000A1006C3,2029-01-21 00:00:00,92.74,3,5,0.014714964216691351,SUR
RU000A1006G4,2024-03-11 00:00:00,110.8,2,8,0.05731633829774749,SUR
RU000A1006S9,2035-03-28 00:00:00,125.6,1,18,4.023373557945893,USD
RU000A100725,2029-03-15 00:00:00,99.99,3,16,0.00035587581547639915,SUR
RU000A100733,2024-03-19 00:00:00,102.4,3,8,0.01651591931570643,SUR
RU000A100741,2021-03-23 00:00:00,100.54,3,4,0.150206260236406,SUR
RU000A100758,2021-03-26 00:00:00,101.95,1,2,0.056650166322437356,SUR
RU000A100782,2029-03-14 00:00:00,104.6,1,18,0.012741617317618886,SUR
RU000A100790,2024-03-20 00:00:00,98.5,3,8,0.10756756112586581,SUR
RU000A1007B3,2021-04-15 00:00:00,100.07,3,1,-0.0005998789339876387,SUR
RU000A1007C1,2022-04-28 00:00:00,104.8,3,1,-0.024622908363221736,SUR
RU000A1007H0,2029-03-15 00:00:00,107,2,16,0.020458382225912137,SUR
RU000A1007Q1,2029-02-28 00:00:00,102.51,3,6,6.883265472410246e-06,SUR
RU000A1007U3,2029-03-16 00:00:00,102,3,16,0.006789484368980725,SUR
RU000A1007V1,2022-03-25 00:00:00,103,1,8,0.06437235389216503,SUR
RU000A1007Z2,2029-03-19 00:00:00,118.5,2,18,0.06417324590345459,SUR
RU000A100840,2021-10-03 00:00:00,102.7,2,3,0.06393472311885949,SUR
RU000A100881,2029-03-21 00:00:00,105.37,1,18,0.011506881243323505,SUR
RU000A1008B1,2029-03-21 00:00:00,103.26,1,18,0.01598717767488037,SUR
RU000A1008D7,2029-05-04 00:00:00,118.5,2,18,0.06445785969976095,SUR
RU000A1008J4,2029-03-23 00:00:00,106.59,2,18,0.019385476392081102,SUR
RU000A1008P1,2029-03-23 00:00:00,111.7,1,16,0.0252526577569226,SUR
RU000A1008V9,2028-03-27 00:00:00,104.41,1,16,-0.0023024345537028517,SUR
RU000A1008W7,2029-03-27 00:00:00,110.17,2,18,0.027007502726433805,SUR
RU000A1008Y3,2029-03-27 00:00:00,104.9,3,18,0.012242857431839728,SUR
RU000A1008Z0,2022-04-09 00:00:00,106.17,2,4,0.05010876150348179,SUR
RU000A100923,2021-04-30 00:00:00,98.6,3,1,0.01649538639411123,SUR
RU000A100931,2022-05-13 00:00:00,104.1,3,1,-0.02066845339189476,SUR
RU000A100998,2021-04-13 00:00:00,102.45,1,2,0.05539978610022459,SUR
RU000A1009B9,2026-04-06 00:00:00,104.33,1,12,0.02122870465558307,SUR
RU000A1009G8,2021-04-25 00:00:00,93,3,1,0.08827090752918804,SUR
RU000A1009L8,2027-04-07 00:00:00,110.45,2,16,0.03505708097777787,SUR
RU000A1009M6,2022-04-13 00:00:00,105,2,4,0.05753691725400921,SUR
RU000A1009R5,2021-04-15 00:00:00,102.71,3,4,0.08109205861267893,SUR
RU000A1009Z8,2029-04-06 00:00:00,103.94,3,16,0.015818597206766247,SUR
RU000A100A33,2022-04-23 00:00:00,105.65,2,4,0.05374811476435982,SUR
RU000A100A41,2022-04-19 00:00:00,101.9,3,8,0.08797622195335167,SUR
RU000A100A58,2022-10-17 00:00:00,108.32,1,10,0.047061713272218864,SUR
RU000A100A66,2024-10-14 00:00:00,110.05,1,16,0.05202265903016676,SUR
RU000A100A90,2022-04-25 00:00:00,104.5,2,4,0.0638900341661454,SUR
RU000A100AA4,2022-04-21 00:00:00,100.2,3,8,0.15680399354047542,SUR
RU000A100AB2,2034-04-04 00:00:00,104.15,1,18,0.008695407136982584,SUR
RU000A100AD8,2022-10-18 00:00:00,106.14,2,5,0.05688868146620756,SUR
RU000A100AF3,2022-04-23 00:00:00,105.19,2,4,0.05785794889145641,SUR
RU000A100AN7,2025-04-16 00:00:00,102.35,2,10,0.010163885041309077,SUR
RU000A100AP2,2022-04-21 00:00:00,105.21,3,8,0.07153700615313564,SUR
RU000A100AZ1,2029-04-13 00:00:00,104.89,3,18,0.01567803982367804,SUR
RU000A100B16,2021-04-27 00:00:00,104,2,2,0.03788014809422803,SUR
RU000A100B40,2021-04-23 00:00:00,102.32,2,2,0.05948891510514212,SUR
RU000A100B57,2022-05-30 00:00:00,99.3,3,1,0.003751371830825943,SUR
RU000A100B73,2029-04-16 00:00:00,100.02,2,18,0.06483192218580631,SUR
RU000A100BB0,2029-04-16 00:00:00,104.3,2,18,0.014765410000111277,SUR
RU000A100BM7,2022-04-26 00:00:00,105.29,1,4,0.057119928560704566,SUR
RU000A100BR6,2022-11-14 00:00:00,117.4,3,1,-0.04604773794501389,SUR
RU000A100CG7,2024-05-22 00:00:00,100.36,3,8,-0.15889273361307726,SUR
RU000A100CN3,2026-05-13 00:00:00,109.09,1,16,0.048123392396297926,SUR
RU000A100CT0,2022-05-19 00:00:00,100.48,3,8,0.07417373269857115,SUR
RU000A100D30,2022-08-03 00:00:00,102,3,5,0.07753258600160194,SUR
RU000A100D63,2022-08-03 00:00:00,102,3,5,0.07753258600160194,SUR
RU000A100DA8,2020-06-16 00:00:00,99.98,3,1,0.11572618074116138,SUR
RU000A100DC4,2024-04-30 00:00:00,97.7,3,8,-0.5717852280442298,SUR
RU000A100DF7,2022-05-23 00:00:00,100.7,3,8,0.13905451602562083,SUR
RU000A100DG5,2029-05-15 00:00:00,101.99,1,18,0.014499115467305448,SUR
RU000A100DL5,2022-12-05 00:00:00,113.6,3,1,-0.032215177076918074,SUR
RU000A100DM3,2021-05-25 00:00:00,99.13,3,4,0.15848132566542214,SUR
RU000A100DQ4,2029-04-05 00:00:00,108.45,1,16,-0.09634924406429228,SUR
RU000A100DZ5,2029-05-17 00:00:00,102.73,1,16,0.006677806309354437,SUR
RU000A100E39,2020-11-27 00:00:00,101.18,1,1,0.05283002688794891,SUR
RU000A100E70,2022-05-18 00:00:00,102.38,3,8,0.05551452457496541,SUR
RU000A100E88,2029-05-21 00:00:00,107.5,2,18,0.020328932462641655,SUR
RU000A100EB4,2022-06-27 00:00:00,97,3,1,0.015245905790526678,SUR
RU000A100EC2,2024-06-21 00:00:00,90.9,3,1,0.024150105037053428,SUR
RU000A100EN9,2022-06-05 00:00:00,96.24,3,2,0.01972306159215061,SUR
RU000A100ER0,2021-12-01 00:00:00,104.47,3,3,0.0595169031697579,SUR
RU000A100ET6,2039-05-12 00:00:00,101.99,1,18,0.0009117768196463564,SUR
RU000A100EV2,2029-05-24 00:00:00,104.4,3,18,0.016600013651755265,SUR
RU000A100EW0,2022-06-05 00:00:00,98,3,2,0.01039723545942313,SUR
RU000A100EX8,2022-06-02 00:00:00,104.64,2,4,0.05539874182939392,SUR
RU000A100F95,2021-06-08 00:00:00,102.3,3,2,0.069496023296239,SUR
RU000A100FC9,2021-07-02 00:00:00,101.4,3,1,-0.013007767241182789,SUR
RU000A100FE5,2034-05-25 00:00:00,104.15,1,16,0.013802621478121812,SUR
RU000A100FF2,2022-06-11 00:00:00,99.91,3,2,0.045479368026545126,SUR
RU000A100FR7,2022-06-10 00:00:00,103.39,1,8,0.0656644730686141,SUR
RU000A100FW7,2020-06-15 00:00:00,100.06,1,1,0.0,SUR
RU000A100FY3,2022-06-03 00:00:00,105,3,8,0.02473973481772641,SUR
RU000A100FZ0,2022-06-02 00:00:00,93.4,3,8,0.03536953918474833,SUR
RU000A100G03,2023-06-18 00:00:00,107.24,2,7,0.05827501307979493,SUR
RU000A100GG8,2020-06-29 00:00:00,99.41,3,1,0.1698599105533246,SUR
RU000A100GK0,2022-06-19 00:00:00,101.76,3,9,-0.47526583094900304,SUR
RU000A100GM6,2021-06-22 00:00:00,102.65,3,3,0.05514568990902976,SUR
RU000A100GY1,2023-06-22 00:00:00,106.4,1,7,0.05892147154243273,SUR
RU000A100H02,2020-12-24 00:00:00,102.05,1,2,0.039087491390684945,SUR
RU000A100H28,2020-12-28 00:00:00,110.8,3,1,-0.17362463163960454,SUR
RU000A100H51,2022-07-07 00:00:00,88.5,3,1,0.061244610612232436,SUR
RU000A100H69,2022-07-29 00:00:00,93.3,3,1,0.033390661202886786,SUR
RU000A100H77,2020-07-21 00:00:00,99.51,3,1,0.05212982047102913,SUR
RU000A100HE1,2029-06-15 00:00:00,104.84,3,17,0.016924262683215247,SUR
RU000A100HH4,2024-07-01 00:00:00,109.4,2,9,0.05649803125392872,SUR
RU000A100HK8,2020-07-14 00:00:00,98.56,3,1,0.20179652243347188,SUR
RU000A100HT9,2020-07-03 00:00:00,100,3,1,0.07960896557552104,SUR
RU000A100HU7,2025-06-25 00:00:00,108.73,1,17,0.046841408230718126,SUR
RU000A100HW3,2021-06-30 00:00:00,100.35,3,5,0.0029626938819454435,SUR
RU000A100HY9,2026-06-25 00:00:00,109.69,2,13,0.060512090099582985,SUR
RU000A100J18,2022-06-30 00:00:00,101.17,3,9,0.08267696129409834,SUR
RU000A100J34,2020-07-03 00:00:00,100.13,1,1,0.04507821356251185,SUR
RU000A100JC1,2023-01-10 00:00:00,106,1,6,0.0554026970279659,SUR
RU000A100JE7,2022-07-04 00:00:00,102.86,3,9,0.07119687875305512,SUR
RU000A100JF4,2022-07-05 00:00:00,104.85,1,5,0.054445832113531226,SUR
RU000A100JG2,2021-07-06 00:00:00,100.25,3,5,0.16676098759524224,SUR
RU000A100JH0,2024-07-02 00:00:00,105.86,3,17,0.09174043066900744,SUR
RU000A100K31,2022-07-06 00:00:00,104.5,3,5,0.11801050165904224,SUR
RU000A100K49,2022-07-06 00:00:00,102.7,1,9,0.0687704632311603,SUR
RU000A100K64,2022-07-06 00:00:00,100.38,3,9,0.15567359771817713,SUR
RU000A100K80,2022-07-11 00:00:00,104.06,1,5,0.05670531499610444,SUR
RU000A100KL0,2029-06-28 00:00:00,104.72,2,19,0.020824188649298955,SUR
RU000A100KQ9,2021-07-30 00:00:00,98.3,3,1,0.015562142674609434,SUR
RU000A100KS5,2022-07-15 00:00:00,99.23,3,3,0.04893760280475803,SUR
RU000A100KT3,2022-07-15 00:00:00,98.28,3,3,0.04885131603788079,SUR
RU000A100KU1,2020-08-05 00:00:00,101.3,3,1,-0.08764307553397863,SUR
RU000A100KY3,2029-07-02 00:00:00,107.35,1,19,0.029192487441816125,SUR
RU000A100KZ0,2024-08-05 00:00:00,104.2,3,1,-0.009763109654666653,SUR
RU000A100L14,2022-07-12 00:00:00,100.5,1,5,0.0005927158116719452,SUR
RU000A100L48,2023-01-23 00:00:00,107.3,3,1,-0.009142998726740096,SUR
RU000A100L63,2024-07-10 00:00:00,106.96,1,9,0.07219211782174371,SUR
RU000A100LE3,2024-06-20 00:00:00,104.5,3,9,0.014264914434131942,SUR
RU000A100LL8,2024-07-11 00:00:00,107.75,2,9,0.05721106079424799,SUR
RU000A100LS3,2023-01-18 00:00:00,104.29,2,6,0.06125731714377134,SUR
RU000A100LV7,2023-07-19 00:00:00,104.9,2,7,0.06177450645873923,SUR
RU000A100M47,2022-07-19 00:00:00,63.95,3,9,0.31050015305116296,SUR
RU000A100ME1,2029-07-10 00:00:00,101.5,3,17,-0.00040240915061342505,SUR
RU000A100MG6,2023-01-17 00:00:00,105.94,2,11,0.08434569950952653,SUR
RU000A100MV5,2021-02-25 00:00:00,100.98,2,2,0.06612363485718992,SUR
RU000A100MZ6,2032-03-15 00:00:00,102,3,2,-0.0025243959661626326,SUR
RU000A100N12,2029-07-16 00:00:00,106.75,2,19,0.026433425941653908,SUR
RU000A100N79,2022-08-29 00:00:00,96.2,3,1,0.01785932568733463,SUR
RU000A100N87,2020-08-25 00:00:00,99.7,3,1,0.016087811629337975,SUR
RU000A100NY7,2023-02-09 00:00:00,106.1,3,1,-0.004776132119298784,SUR
RU000A100P85,2024-07-29 00:00:00,106.5,2,9,0.062327076773338104,SUR
RU000A100P93,2020-08-03 00:00:00,100.27,1,1,0.05001532059295595,SUR
RU000A100PA2,2023-08-07 00:00:00,116.8,3,1,-0.03402742974897615,SUR
RU000A100PB0,2026-07-28 00:00:00,106.97,3,17,0.03424799154448128,SUR
RU000A100PE4,2023-08-01 00:00:00,103.76,3,7,0.0776687329022411,SUR
RU000A100PM7,2022-08-11 00:00:00,103.68,3,5,0.10296479634430605,SUR
RU000A100PP0,2024-08-05 00:00:00,104.95,1,17,0.06047465560966244,SUR
RU000A100PQ8,2022-08-11 00:00:00,103.5,1,5,0.062303351050712476,SUR
RU000A100PR6,2025-06-24 00:00:00,105.8,1,19,0.06145157672245711,SUR
RU000A100PS4,2024-08-08 00:00:00,125,3,9,0.001957229193493457,SUR
RU000A100PW6,2021-09-02 00:00:00,104.7,3,1,-0.03689466808553521,SUR
RU000A100PX4,2024-09-05 00:00:00,92.5,3,1,0.01873352984911404,SUR
RU000A100Q19,2020-08-11 00:00:00,99.88,2,1,0.007847288835477667,SUR
RU000A100Q35,2026-07-07 00:00:00,100.13,3,10,0.016471546298302733,SUR
RU000A100Q50,2029-07-31 00:00:00,99.55,3,17,0.007561247187024304,SUR
RU000A100Q76,2022-08-10 00:00:00,88.37,3,9,0.0732883486907607,SUR
RU000A100Q92,2024-08-13 00:00:00,102,3,17,0.049855990165509415,SUR
RU000A100QV6,2020-09-04 00:00:00,101.08,3,1,-0.04682346284291832,SUR
RU000A100QY0,2022-08-16 00:00:00,100.26,3,9,0.13488143791228474,SUR
RU000A100RG5,2023-08-18 00:00:00,105,2,13,0.06245766112884296,SUR
RU000A100RQ4,2022-08-24 00:00:00,101,3,9,0.13609442822161477,SUR
RU000A100RR2,2023-08-27 00:00:00,114.2,3,1,-0.02663107449433361,SUR
RU000A100RS0,2022-08-24 00:00:00,97,3,9,0.15874086405564322,SUR
RU000A100S41,2022-09-26 00:00:00,93,3,1,0.0324453511685028,SUR
RU000A100S58,2020-09-24 00:00:00,100.4,3,1,-0.013966790042383522,SUR
RU000A100SF5,2022-09-03 00:00:00,96.7,3,3,0.051034915678767494,SUR
RU000A100SQ2,2023-03-15 00:00:00,89.6,3,1,0.04090433072554762,SUR
RU000A100SS8,2020-09-03 00:00:00,100.39,1,1,0.052023712679942075,SUR
RU000A100SZ3,2029-08-23 00:00:00,103.98,3,19,0.01451402075842648,SUR
RU000A100T32,2021-09-24 00:00:00,101,3,1,-0.007607989004596112,SUR
RU000A100T81,2022-08-24 00:00:00,100.36,3,11,0.05104231548890714,SUR
RU000A100TB2,2029-08-28 00:00:00,108,3,17,0.019026930085409993,SUR
RU000A100TD8,2022-09-07 00:00:00,99.08,3,9,0.018883574900605708,SUR
RU000A100TF3,2029-08-30 00:00:00,103.3,2,19,0.017394321862330746,SUR
RU000A100TH9,2023-03-16 00:00:00,103.9,2,6,0.06074254946062134,SUR
RU000A100TL1,2023-08-26 00:00:00,101.19,3,11,-0.14029326280795118,SUR
RU000A100TM9,2020-10-06 00:00:00,98,3,1,0.06777764915327726,SUR
RU000A100TP2,2024-10-04 00:00:00,103.3,3,1,-0.0073949581393429374,SUR
RU000A100TT4,2024-08-21 00:00:00,98.15,3,11,0.05090696216670604,SUR
RU000A100TU2,2023-03-27 00:00:00,103.3,3,1,0.005059698029267614,SUR
RU000A100TW8,2020-09-15 00:00:00,98.54,1,1,0.06021186505978918,SUR
RU000A100TY4,2020-09-15 00:00:00,100.4,1,1,0.052054446036683424,SUR
RU000A100UG9,2024-09-13 00:00:00,104,1,18,0.043534514122108285,SUR
RU000A100UK1,2020-10-02 00:00:00,97.65,3,1,0.08325120190594425,SUR
RU000A100UP0,2023-09-02 00:00:00,101.05,3,12,0.04564831620589814,SUR
RU000A100UT2,2029-09-11 00:00:00,100,3,19,0.023807353812747144,SUR
RU000A100UU0,2022-09-26 00:00:00,103.6,2,5,0.06019972287188138,SUR
RU000A100V38,2022-09-21 00:00:00,104.2,3,10,0.13466840457782442,SUR
RU000A100V46,2034-09-07 00:00:00,103.38,1,19,0.007137706655616082,SUR
RU000A100V61,2022-09-22 00:00:00,99.76,2,10,0.12706912932446202,SUR
RU000A100V79,2029-09-12 00:00:00,102.36,1,19,0.018866382195726616,SUR
RU000A100V87,2022-10-28 00:00:00,93.9,3,1,0.027044215649156086,SUR
RU000A100VB8,2021-09-24 00:00:00,102.04,1,3,0.05437673550087678,SUR
RU000A100VD4,2022-09-22 00:00:00,103,3,10,-0.011653663366563037,SUR
RU000A100VF9,2020-10-23 00:00:00,98.3,3,1,0.04961338694929059,SUR
RU000A100VG7,2029-09-13 00:00:00,103.25,3,19,0.02015405055899497,SUR
RU000A100VL7,2021-09-27 00:00:00,92.3,3,2,0.06451453829812145,SUR
RU000A100VQ6,2024-09-24 00:00:00,105.48,2,9,0.05816702815149583,SUR
RU000A100VR4,2023-09-30 00:00:00,105.19,2,7,0.05726101203367874,SUR
RU000A100VS2,2024-09-24 00:00:00,104.5,3,9,0.02567958420069977,SUR
RU000A100VT0,2021-10-22 00:00:00,99.5,3,1,0.003858783226329083,SUR
RU000A100VV6,2024-10-23 00:00:00,93.8,3,1,0.014908531220476107,SUR
RU000A100VX2,2029-09-26 00:00:00,103.3,3,19,0.017002574816991786,SUR
RU000A100VY0,2022-09-27 00:00:00,101.69,3,10,0.04652159347582156,SUR
RU000A100W29,2022-09-16 00:00:00,98.07,3,12,-0.32787603863804216,SUR
RU000A100W52,2022-09-28 00:00:00,102.5,3,10,0.14426405278172746,SUR
RU000A100W60,2029-09-20 00:00:00,101.8,1,19,0.02132421942947124,SUR
RU000A100WA8,2024-09-27 00:00:00,102.8,1,18,0.07790978721306577,SUR
RU000A100WC4,2022-09-30 00:00:00,103.59,1,5,0.06740165081848555,SUR
RU000A100WF7,2026-10-08 00:00:00,105,1,18,0.050321030769479407,SUR
RU000A100WR2,2022-09-24 00:00:00,101.71,3,12,0.07386217781742074,SUR
RU000A100WT8,2022-10-10 00:00:00,96.91,3,3,0.04678555745988442,SUR
RU000A100X36,2024-11-07 00:00:00,98.02,3,1,0.004669623767859982,SUR
RU000A100X44,2020-11-05 00:00:00,97.3,3,1,0.07263557733444458,SUR
RU000A100X51,2021-11-08 00:00:00,99.2,3,1,0.00589743012889424,SUR
RU000A100X69,2022-10-07 00:00:00,100.65,3,5,0.0499758563897894,SUR
RU000A100X77,2022-10-07 00:00:00,100,1,10,0.09307028395868257,SUR
RU000A100XC2,2029-10-01 00:00:00,105.35,1,19,0.03048604889010202,SUR
RU000A100XP4,2024-10-08 00:00:00,104.19,1,18,0.05531023608666504,SUR
RU000A100XU4,2024-10-11 00:00:00,103.28,3,9,0.07888354710584378,SUR
RU000A100Y01,2020-10-16 00:00:00,100.5,1,1,0.05223452303376096,SUR
RU000A100Y50,2029-10-08 00:00:00,102.9,3,19,0.02512545162099984,SUR
RU000A100Y84,2024-10-15 00:00:00,103.45,1,18,0.05890426827452833,SUR
RU000A100Y92,2020-10-20 00:00:00,97.87,3,1,0.06398532333446487,SUR
RU000A100YB2,2024-11-07 00:00:00,101.1,3,1,-0.002369929317360684,SUR
RU000A100YD8,2024-09-26 00:00:00,99.85,3,13,0.0009763413611759089,SUR
RU000A100YE6,2024-10-16 00:00:00,104.3,1,9,0.060349232886457424,SUR
RU000A100YF3,2029-10-10 00:00:00,105.2,2,19,0.03356736687947117,SUR
RU000A100YG1,2022-10-19 00:00:00,103,3,10,0.10960210170968844,SUR
RU000A100YK3,2022-10-19 00:00:00,102.5,1,10,0.06486690010355073,SUR
RU000A100YP2,2022-10-20 00:00:00,100.68,3,10,0.1381700762438167,SUR
RU000A100YQ0,2029-10-11 00:00:00,104,1,18,0.026795870351375827,SUR
RU000A100YR8,2022-10-20 00:00:00,103.43,3,5,0.0619685995831041,SUR
RU000A100YT4,2022-11-02 00:00:00,100.61,1,10,0.011067138627887354,SUR
RU000A100YU2,2023-04-21 00:00:00,103.61,2,6,0.059376838632111385,SUR
RU000A100YW8,2022-10-27 00:00:00,104,2,5,0.05445708418118395,SUR
RU000A100YY4,2050-01-28 00:00:00,101.95,1,18,-0.0003733724785937708,SUR
RU000A100Z00,2022-10-25 00:00:00,97.08,3,10,0.1527934588284848,SUR
RU000A100Z42,2020-11-24 00:00:00,97.6,3,1,0.05649712107298086,SUR
RU000A100Z59,2023-05-29 00:00:00,95.67,3,1,0.015220989299071883,SUR
RU000A100Z75,2024-11-29 00:00:00,98.9,3,1,0.002595315440683798,SUR
RU000A100Z91,2025-10-21 00:00:00,101.05,1,18,0.07139307087841687,SUR
RU000A100ZB9,2049-09-28 00:00:00,105.45,1,13,-0.001809089222251955,SUR
RU000A100ZD5,2029-10-17 00:00:00,102.98,2,19,0.01527855184699451,SUR
RU000A100ZF0,2029-10-17 00:00:00,102.48,2,19,0.01588887412844195,SUR
RU000A100ZK0,2023-10-26 00:00:00,103.4,1,14,0.058560542380585015,SUR
RU000A100ZL8,2024-10-24 00:00:00,102.44,1,18,0.07825152345769011,SUR
RU000A100ZP9,2021-12-02 00:00:00,96.1,3,1,0.027652068196947453,SUR
RU000A100ZS3,2022-05-03 00:00:00,102.77,1,4,0.05401585456195517,SUR
RU000A101012,2029-10-23 00:00:00,103.84,2,19,0.035318442807713735,SUR
RU000A1010B7,2026-10-30 00:00:00,104.79,1,13,0.060245280745111006,SUR
RU000A1010D3,2026-11-02 00:00:00,104.97,1,18,0.047512724284110845,SUR
RU000A1010M4,2025-11-03 00:00:00,104.12,2,11,0.059323482093594004,SUR
RU000A1010X1,2034-10-24 00:00:00,101.65,1,19,0.00804416955554756,SUR
RU000A1010Y9,2023-05-18 00:00:00,102.6,3,1,0.007119505673331406,SUR
RU000A1010Z6,2020-11-19 00:00:00,96.96,3,1,0.0746598303390177,SUR
RU000A101103,2024-05-13 00:00:00,106.8,3,1,-0.004941670592674279,SUR
RU000A101129,2022-11-02 00:00:00,102.4,3,14,0.02171096030198099,SUR
RU000A101137,2024-11-05 00:00:00,103.51,3,18,0.06070351813598003,SUR
RU000A101160,2022-11-13 00:00:00,96.34,3,3,0.04629968526808431,SUR
RU000A101178,2022-11-10 00:00:00,99.52,3,10,0.15331235228131324,SUR
RU000A1011A7,2029-11-01 00:00:00,102.39,1,19,0.01569860950274854,SUR
RU000A1011B5,2026-11-12 00:00:00,105.5,1,18,0.04646417448232495,SUR
RU000A1011C3,2029-11-01 00:00:00,101.52,2,18,0.018700057750504238,SUR
RU000A1011E9,2020-12-04 00:00:00,97.9,3,1,0.04629016286947249,SUR
RU000A1011F6,2024-12-05 00:00:00,91.39,3,1,0.020429199515118276,SUR
RU000A1011H2,2024-12-05 00:00:00,101.18,3,1,-0.0025056270580660093,SUR
RU000A1011P5,2020-11-13 00:00:00,102,3,2,0.03151401696051406,SUR
RU000A1011Q3,2024-11-13 00:00:00,105.5,1,18,0.050064875197429415,SUR
RU000A1011R1,2023-11-10 00:00:00,103,3,7,0.060999060176144614,SUR
RU000A101228,2025-11-07 00:00:00,102.49,2,11,0.026716945656383162,SUR
RU000A1012B3,2029-11-05 00:00:00,102.2,2,19,0.04037704425991614,SUR
RU000A1012K4,2022-11-15 00:00:00,103.99,3,5,0.10858746806223037,SUR
RU000A1012L2,2020-11-17 00:00:00,100.52,1,1,0.0509795489924304,SUR
RU000A1012N8,2024-11-12 00:00:00,88.58,2,9,0.0719340185994987,SUR
RU000A1012R9,2021-11-19 00:00:00,101.29,1,3,0.05520361615243936,SUR
RU000A101350,2024-11-22 00:00:00,104,2,9,0.059480814578824634,SUR
RU000A101376,2022-11-18 00:00:00,104,3,10,0.058469281145711795,SUR
RU000A1013C9,2024-12-28 00:00:00,99.93,3,14,-0.04249326394319185,SUR
RU000A1013E5,2021-12-23 00:00:00,98.36,3,1,0.011047304620723552,SUR
RU000A1013F2,2020-12-25 00:00:00,98.1,3,1,0.037140595122971846,SUR
RU000A1013J4,2023-06-23 00:00:00,99.6,3,1,0.0014431577212580225,SUR
RU000A1013N6,2029-10-04 00:00:00,92.95,3,14,0.024188874038971724,SUR
RU000A1013P1,2026-11-17 00:00:00,104.4,1,13,0.06526014218206196,SUR
RU000A1013T3,2024-11-21 00:00:00,99,1,18,0.07247554562791667,SUR
RU000A1013U1,2029-11-15 00:00:00,102.5,2,18,0.01554906102034878,SUR
RU000A1013Y3,2023-05-25 00:00:00,102.7,1,12,0.06643857006614223,SUR
RU000A1013Z0,2022-11-28 00:00:00,94.72,3,3,0.022471287967172918,SUR
RU000A101400,2024-12-26 00:00:00,97.42,3,1,0.005892254837461859,SUR
RU000A101459,2029-11-20 00:00:00,103.5,2,19,0.014831690252814715,SUR
RU000A101483,2022-11-17 00:00:00,100.95,3,14,0.09749702104618707,SUR
RU000A101491,2022-11-29 00:00:00,97.59,3,5,0.010079883682785033,SUR
RU000A1014A1,2022-11-29 00:00:00,102,3,10,0.136820777573549,SUR
RU000A1014B9,2024-11-26 00:00:00,98.23,3,18,0.08698940590471246,SUR
RU000A1014H6,2021-11-30 00:00:00,102.19,1,3,0.06250402138789703,SUR
RU000A1014P9,2022-12-24 00:00:00,100.91,3,14,0.09528950221784883,SUR
RU000A1014S3,2024-11-27 00:00:00,100,2,18,0.09042149242043042,SUR
RU000A1014U9,2029-11-21 00:00:00,100,3,18,0.002436813122846038,SUR
RU000A1014V7,2023-11-13 00:00:00,94,3,14,0.029813609581177878,SUR
RU000A101541,2025-11-27 00:00:00,104.23,1,11,0.06019476065528371,SUR
RU000A101558,2020-06-29 00:00:00,99.37,3,1,0.18065941620892897,SUR
RU000A101574,2023-06-09 00:00:00,102.74,1,6,0.05871182696637919,SUR
RU000A101590,2039-11-11 00:00:00,114.83,1,19,-0.0026724024980463467,SUR
RU000A1015A8,2026-12-01 00:00:00,101.89,1,13,0.026184898975627337,SUR
RU000A1015B6,2020-06-24 00:00:00,100.7,3,1,0.38059460245760657,SUR
RU000A1015E0,2024-12-03 00:00:00,102.74,1,9,0.07526170609364825,SUR
RU000A1015P6,2024-11-14 00:00:00,100.14,2,14,0.04344230418330874,SUR
RU000A1015R2,2034-11-22 00:00:00,100.1,3,18,0.001663771886375907,SUR
RU000A1015S0,2022-12-07 00:00:00,101.25,3,10,0.11687465364456895,SUR
RU000A1015U6,2024-06-13 00:00:00,100.4,3,1,0.010667350366172399,SUR
RU000A101624,2022-12-09 00:00:00,104,3,10,0.11077297432087728,SUR
RU000A101657,2024-12-12 00:00:00,92.7,3,1,0.029945336224780874,SUR
RU000A101665,2025-06-14 00:00:00,103.79,1,18,0.055195163105174756,SUR
RU000A1016A6,2033-11-26 00:00:00,99,3,16,0.0008982739391470508,SUR
RU000A1016F5,2023-12-11 00:00:00,97.55,3,15,0.13250741787308323,SUR
RU000A1016K5,2022-12-12 00:00:00,101.25,3,6,0.059277237732849146,SUR
RU000A1016M1,2022-01-27 00:00:00,95.7,3,1,0.027643250130773858,SUR
RU000A1016N9,2026-12-15 00:00:00,103.75,1,19,0.05053634660978478,SUR
RU000A1016P4,2034-11-28 00:00:00,105,1,20,0.008493563166858337,SUR
RU000A1016U4,2022-12-13 00:00:00,96.76,3,11,0.13692997215306063,SUR
RU000A1016W0,2022-12-19 00:00:00,101.8,3,3,-0.0069774796944661426,SUR
RU000A1016X8,2022-12-19 00:00:00,95.08,3,3,0.03631350785026499,SUR
RU000A1016Y6,2022-12-19 00:00:00,97.05,3,3,0.03797977060113177,SUR
RU000A1016Z3,2024-12-11 00:00:00,100.44,3,19,0.08362759087691536,SUR
RU000A101731,2021-12-25 00:00:00,100,3,1,0.00013081984823683422,SUR
RU000A101780,2029-12-06 00:00:00,102.99,2,20,0.023876657895665253,SUR
RU000A1017H9,2029-12-12 00:00:00,102.85,2,20,0.020594448264458446,SUR
RU000A1017J5,2029-12-07 00:00:00,107,3,19,0.028137838000960654,SUR
RU000A1017Q0,2025-01-29 00:00:00,96.24,3,1,0.008425540148136358,SUR
RU000A1017R8,2025-01-27 00:00:00,98.94,3,1,0.002416730747795234,SUR
RU000A1017Y4,2020-12-18 00:00:00,100.41,1,2,0.052929520711306785,SUR
RU000A1017Z1,2022-12-19 00:00:00,84.8,3,1,0.06795501015994183,SUR
RU000A101889,2021-01-28 00:00:00,97.1,3,1,0.04862547821665749,SUR
RU000A1018A2,2024-12-22 00:00:00,104.01,3,18,0.06000805672508168,SUR
RU000A1018C8,2024-12-16 00:00:00,102.6,2,10,0.06375970928626222,SUR
RU000A1018D6,2022-12-20 00:00:00,98.64,3,11,0.14360414529801663,SUR
RU000A1018F1,2021-12-21 00:00:00,99.09,3,7,0.15501788857839527,SUR
RU000A1018K1,2022-12-20 00:00:00,102.08,1,11,0.05674268489578693,SUR
RU000A1018L9,2022-12-20 00:00:00,100.1,3,11,0.031988268281758804,SUR
RU000A1018M7,2026-12-25 00:00:00,102.21,2,18,0.0443510905208056,SUR
RU000A1018P0,2023-01-30 00:00:00,91.5,3,1,0.03450572301662364,SUR
RU000A1018U0,2021-12-23 00:00:00,98.29,3,7,0.15215565702498132,SUR
RU000A1018X4,2022-12-22 00:00:00,103.01,1,6,0.053782647058896994,SUR
RU000A101939,2022-12-22 00:00:00,101.9,1,11,0.057557729116038896,SUR
RU000A101947,2024-12-20 00:00:00,100,3,19,0.000718455388067982,SUR
RU000A101954,2020-07-30 00:00:00,102.61,3,1,-0.10278912624573311,SUR
RU000A101970,2022-12-23 00:00:00,103.5,3,11,0.05769874223040325,SUR
RU000A101988,2024-12-20 00:00:00,103.45,1,19,0.05600993712721225,SUR
RU000A101A24,2022-02-04 00:00:00,95.09,3,1,0.03127960509715232,SUR
RU000A101A40,2023-02-06 00:00:00,101.8,3,1,-0.0066055058725393,SUR
RU000A101BX2,2021-02-17 00:00:00,96.18,3,1,0.059400954635695224,SUR
RU000A101C22,2021-01-19 00:00:00,100.5,1,2,0.05103701913549017,SUR
RU000A101C89,2024-01-22 00:00:00,101.95,1,8,0.057722331089371956,SUR
RU000A101CB6,2023-01-07 00:00:00,98.89,3,16,0.08553758797413902,SUR
RU000A101CD2,2024-02-27 00:00:00,90.92,3,1,0.02614237152060201,SUR
RU000A101CL5,2035-01-11 00:00:00,102.81,1,19,0.021577844423723416,SUR
RU000A101CQ4,2030-01-16 00:00:00,100,3,20,0.03642005363464906,SUR
RU000A101CR2,2023-08-03 00:00:00,97.8,3,1,0.022145472706659387,SUR
RU000A101CX0,2022-02-18 00:00:00,94,3,1,0.03765326603635021,SUR
RU000A101CY8,2025-02-13 00:00:00,94.9,3,1,0.01138409981241971,SUR
RU000A101CZ5,2020-08-27 00:00:00,99.9,3,1,0.0692601399520278,SUR
RU000A101D13,2023-01-26 00:00:00,100.04,2,6,0.07203021841434107,SUR
RU000A101D62,2025-02-26 00:00:00,95.3,3,1,0.010393590381648677,SUR
RU000A101DD0,2023-01-25 00:00:00,101.14,3,16,0.027368394011852374,SUR
RU000A101DE8,2025-01-29 00:00:00,102.11,2,10,0.03167793656467173,SUR
RU000A101DF5,2025-01-29 00:00:00,101,2,10,0.03439319012487108,SUR
RU000A101DK5,2023-02-12 00:00:00,99.22,3,3,0.004078232221225451,SUR
RU000A101DL3,2023-02-12 00:00:00,94.79,3,3,0.03324484693962184,SUR
RU000A101DR0,2025-02-20 00:00:00,96.8,3,1,0.007069535579832748,SUR
RU000A101DU4,2023-02-03 00:00:00,102,3,11,0.06366860967868912,SUR
RU000A101E04,2022-03-04 00:00:00,97.8,3,1,0.013152150008923535,SUR
RU000A101E38,2021-03-05 00:00:00,96.3,3,1,0.053863210561549954,SUR
RU000A101EF3,2030-01-30 00:00:00,101.6,2,20,0.03968146410564796,SUR
RU000A101EL1,2025-02-27 00:00:00,95.25,3,1,0.010500170077661516,SUR
RU000A101F52,2023-02-14 00:00:00,94.94,3,6,0.01975451799487483,SUR
RU000A101F78,2021-02-16 00:00:00,96.98,3,2,0.046659508184273044,SUR
RU000A101F86,2021-02-16 00:00:00,97.85,3,2,0.0328814443251151,SUR
RU000A101FC7,2023-02-14 00:00:00,101.75,1,6,0.056071821506841917,SUR
RU000A101FG8,2027-02-10 00:00:00,102.38,1,14,0.0630287952351798,SUR
RU000A101FH6,2027-02-11 00:00:00,102.15,1,19,0.04522452378260001,SUR
RU000A101FK0,2023-02-16 00:00:00,100.5,3,6,0.01779809978713858,SUR
RU000A101FQ7,2025-03-06 00:00:00,99.7,3,1,0.0007417823367789077,SUR
RU000A101FR5,2021-08-19 00:00:00,100.05,2,3,0.027977436334905823,SUR
RU000A101FT1,2022-02-17 00:00:00,99.22,3,7,0.15333219211056198,SUR
RU000A101FV7,2021-02-19 00:00:00,100.13,1,2,0.055136384694142476,SUR
RU000A101FY1,2025-02-14 00:00:00,101.5,2,10,0.03315444278560319,SUR
RU000A101G51,2022-03-23 00:00:00,100.4,3,1,-0.002140268368501483,SUR
RU000A101G69,2024-03-26 00:00:00,107.4,3,1,-0.018601182951474674,SUR
RU000A101GA9,2023-02-26 00:00:00,98.3,3,3,0.006479872084965481,SUR
RU000A101GB7,2022-02-24 00:00:00,98.5,2,7,0.10349394804350248,SUR
RU000A101GD3,2028-02-17 00:00:00,98.25,1,19,0.06594227405572568,SUR
RU000A101GF8,2025-03-11 00:00:00,99.9,3,1,0.00031660329435125685,SUR
RU000A101GG6,2023-02-23 00:00:00,100.01,3,6,0.06854730720874377,SUR
RU000A101GH4,2022-02-24 00:00:00,100,3,4,0.06752564475391337,SUR
RU000A101GJ0,2025-02-20 00:00:00,102.56,3,19,0.05693967131001439,SUR
RU000A101GM4,2020-09-25 00:00:00,103.3,3,1,-0.07423973746171648,SUR
RU000A101GP7,2025-03-21 00:00:00,103.2,3,1,-0.0064815238819397525,SUR
RU000A101GR3,2025-02-25 00:00:00,100.25,1,10,0.037958929582864405,SUR
RU000A101GT9,2025-03-18 00:00:00,106.1,3,1,-0.012261498584317692,SUR
RU000A101GV5,2023-02-28 00:00:00,99,3,6,0.0038203537887290927,SUR
RU000A101GW3,2023-03-14 00:00:00,96.92,3,12,0.13343492415815583,SUR
RU000A101GX1,2023-02-28 00:00:00,94.6,3,6,0.02082409448199891,SUR
RU000A101GZ6,2025-02-25 00:00:00,100.73,2,10,0.06775251479831612,SUR
RU000A101H43,2023-02-28 00:00:00,100.15,1,6,0.11218123537367602,SUR
RU000A101H84,2030-02-20 00:00:00,100.05,2,20,0.0013963024049551507,SUR
RU000A101HA7,2023-03-01 00:00:00,99.69,3,11,0.13796856329259335,SUR
RU000A101HJ8,2023-03-02 00:00:00,100.9,1,6,0.0591827262695089,SUR
RU000A101HK6,2025-03-25 00:00:00,107.7,3,1,-0.015302028787687147,SUR
RU000A101HQ3,2023-04-25 00:00:00,100.15,3,17,0.07000962565904253,SUR
RU000A101HU5,2023-03-09 00:00:00,98,3,11,0.12535532926909357,SUR
RU000A101J41,2025-04-04 00:00:00,106.3,3,1,-0.012530442503516736,SUR
RU000A101J58,2025-04-01 00:00:00,108.7,3,1,-0.017136694559206158,SUR
RU000A101J74,2022-04-06 00:00:00,102.1,3,1,-0.011318240220939363,SUR
RU000A101J82,2023-03-02 00:00:00,101.95,3,18,0.07344974094755705,SUR
RU000A101J90,2023-03-14 00:00:00,65.93,3,6,0.16402067673314735,SUR
RU000A101JA3,2023-03-14 00:00:00,99.2,3,6,0.00304018249914465,SUR
RU000A101JD7,2045-04-28 00:00:00,100.05,1,20,0.0002887686359631992,SUR
RU000A101JE5,2024-03-07 00:00:00,107.9,3,1,-0.020082409841925556,SUR
RU000A101JF2,2023-03-15 00:00:00,99.5,3,18,0.03906929232004336,SUR
RU000A101JT3,2021-03-24 00:00:00,100.4,1,2,0.05525991863804806,SUR
RU000A101K30,2023-03-12 00:00:00,104.52,3,18,0.05922515579085301,SUR
RU000A101K97,2021-04-13 00:00:00,102.6,3,1,-0.018816923569843984,SUR
RU000A101KA1,2021-03-30 00:00:00,101.5,3,2,-0.018568548358658295,SUR
RU000A101KB9,2024-04-05 00:00:00,103.76,3,1,-0.009544060675573023,SUR
RU000A101KC7,2023-04-04 00:00:00,96.13,3,6,0.01429233814585971,SUR
RU000A101KD5,2022-04-20 00:00:00,100.6,3,1,-0.0031263541714063726,SUR
RU000A101KE3,2025-03-25 00:00:00,94.16,3,10,0.01278257448419818,SUR
RU000A101KF0,2025-04-23 00:00:00,103.9,3,1,-0.007743118258449114,SUR
RU000A101KG8,2020-10-23 00:00:00,101.4,3,1,-0.024748151649079803,SUR
RU000A101KH6,2025-04-11 00:00:00,108.4,3,1,-0.016476986691216916,SUR
RU000A101KJ2,2023-09-12 00:00:00,101.84,3,18,0.07102217143057543,SUR
RU000A101KK0,2024-03-26 00:00:00,101.27,3,16,0.01348910423349842,SUR
RU000A101KU9,2023-04-06 00:00:00,100.7,3,12,0.04986909188552456,SUR
RU000A101L13,2022-05-05 00:00:00,101.4,3,1,-0.007232885224076312,SUR
RU000A101L21,2025-04-29 00:00:00,105.8,3,1,-0.011399600868685383,SUR
RU000A101LB7,2025-05-07 00:00:00,102.5,3,1,-0.004929248901457672,SUR
XS0767472458,2022-04-04 00:00:00,105.72,1,4,11.95139223214708,USD
XS0767473852,2042-04-04 00:00:00,133.75,1,4,3.894602564470425,USD
XS0971721450,2023-09-16 00:00:00,111,1,7,5.257239077287836,USD
XS0971721963,2043-09-16 00:00:00,126.9,1,7,4.602996016483391,USD
XS1143363940,2025-05-26 00:00:00,100,3,9,0.015487377754125913,SUR
XS1604405545,2020-06-26 00:00:00,102,3,1,-0.3710267154572171,SUR
XS1654237129,2020-08-16 00:00:00,100,3,1,0.40665359280911206,SUR
XS1675776014,2027-08-23 00:00:00,123.4,3,15,-0.028147406301599318,SUR
XS1708322133,2021-01-29 00:00:00,98,3,1,0.03287074181829795,SUR
XS1807420937,2021-04-30 00:00:00,91,3,1,0.1139478627614853,SUR
XS1822383094,2023-09-27 00:00:00,91,3,7,0.14883999079677745,SUR
XS1833629253,2021-07-01 00:00:00,87,3,3,0.48512357052467986,SUR
XS1859436070,2021-08-10 00:00:00,70,3,3,0.7645514806829022,SUR
XS1859436401,2021-08-31 00:00:00,100.39,3,2,-0.0032091639589889895,SUR
XS1873963794,2021-10-01 00:00:00,69,3,3,0.6654011996088515,SUR
XS1903464391,2021-12-01 00:00:00,94.8,3,2,0.037174854663051,SUR
XS1943597994,2023-12-20 00:00:00,98.48,3,8,0.14004994994204695,SUR
XS1985081444,2024-05-24 00:00:00,89.25,3,16,0.2588213422284249,SUR
XS2028880115,2024-06-30 00:00:00,99.7,3,9,0.13138657344667606,SUR
XS2045847295,2022-11-15 00:00:00,95.17,3,5,0.1319228663296505,SUR
XS2058684619,2024-12-30 00:00:00,101,3,10,0.13406425122300916,SUR
XS2072914125,2024-12-30 00:00:00,101.5,3,10,0.1680573593031799,SUR
XS2091667043,2024-12-30 00:00:00,97,3,10,0.12448300488783191,SUR
XS2091672803,2024-12-30 00:00:00,100,3,10,0.1306458099527351,SUR
XS2118272389,2023-06-13 00:00:00,103.99,3,13,-0.01298040034498673,SUR
XS2123084639,2023-05-15 00:00:00,100,3,6,0.10597745434101517,SUR
XS2125163688,2025-06-26 00:00:00,100,3,20,0.1056547946064407,SUR
XS2139835636,2023-06-15 00:00:00,100,3,4,0.13043657397656383,SUR
XS2143253495,2025-06-30 00:00:00,99.7,3,10,0.12049853821904026,SUR
